optimizer,lr,dropout,weight_decay,normalization,batch_size,epochs,final_train_loss,final_test_loss,final_test_accuracy,best_test_accuracy,best_epoch_num,epoch_train_losses,epoch_test_losses,epoch_test_accuracies
SGD,0.01,0.0,0.0,None,64,10,0.42286099634889857,0.3465686218261719,0.8748,0.8748,9,"[0.9764019533324597, 0.6522788678341583, 0.5762840731502342, 0.5364470448035167, 0.5022144576570372, 0.48338656550023096, 0.46298042438558934, 0.44519357154491357, 0.4336145134972357, 0.42286099634889857]","[0.5611084167480469, 0.47975640869140623, 0.44718977966308593, 0.4209635803222656, 0.40131048583984374, 0.39501753540039064, 0.3905205810546875, 0.3619236328125, 0.36948140563964843, 0.3465686218261719]","[0.7931, 0.8221, 0.8342, 0.8463, 0.8512, 0.8562, 0.8548, 0.8643, 0.8647, 0.8748]"
SGD,0.01,0.0,0.0,None,128,10,0.48104443358205784,0.39153035278320314,0.8604,0.8606,8,"[1.211146393056109, 0.7665943166594515, 0.6628301662168523, 0.6106582257920491, 0.5775536977405995, 0.5461281173900246, 0.5220611347699724, 0.5090498973184557, 0.49398750556049065, 0.48104443358205784]","[0.6756664306640625, 0.5604309448242187, 0.5114373352050782, 0.4719800964355469, 0.45247966003417966, 0.4364960876464844, 0.41681174926757814, 0.4040463256835938, 0.393833935546875, 0.39153035278320314]","[0.7536, 0.7882, 0.8085, 0.8286, 0.8365, 0.8394, 0.8452, 0.8548, 0.8606, 0.8604]"
SGD,0.01,0.0,0.0,None,256,10,0.5452591619593032,0.43730704650878904,0.8383,0.8383,9,"[1.4128996227649933, 0.8706409865237297, 0.7463860945498689, 0.6877045730327038, 0.6495395650254919, 0.6171682776288784, 0.5937499587840223, 0.5794198163012241, 0.5613100598467157, 0.5452591619593032]","[0.767846337890625, 0.6229457336425781, 0.5619337768554687, 0.5320678833007813, 0.5076994445800781, 0.48514188842773437, 0.4764476043701172, 0.464026611328125, 0.4531163269042969, 0.43730704650878904]","[0.7355, 0.768, 0.7855, 0.7947, 0.812, 0.8183, 0.8223, 0.8298, 0.8343, 0.8383]"
SGD,0.01,0.0,0.0,batchnorm,64,10,0.3716724236001338,0.3286993957519531,0.8794,0.8794,9,"[0.8212885341601077, 0.5690486527391588, 0.5044430318449352, 0.46924863120258997, 0.44115598581588344, 0.42091109379649416, 0.4073018538894684, 0.3955524783017539, 0.3838710177904253, 0.3716724236001338]","[0.48522232971191404, 0.4273810791015625, 0.3944378143310547, 0.3854249114990234, 0.35836730346679685, 0.3427083038330078, 0.3513548004150391, 0.32772540588378907, 0.3325786804199219, 0.3286993957519531]","[0.8188, 0.8421, 0.8546, 0.8597, 0.8675, 0.8733, 0.8727, 0.8778, 0.8785, 0.8794]"
SGD,0.01,0.0,0.0,batchnorm,128,10,0.4063259110267737,0.3311696228027344,0.8808,0.8808,9,"[0.9298101023061952, 0.6267119702626901, 0.5418346257352117, 0.5053939602014098, 0.4748874295876224, 0.452874138220541, 0.43488205591244483, 0.42712816214764804, 0.4167889163438191, 0.4063259110267737]","[0.5190526214599609, 0.442200634765625, 0.4015108184814453, 0.39278439636230467, 0.37509182434082033, 0.35980119018554685, 0.3498885223388672, 0.3434366119384766, 0.33374076232910155, 0.3311696228027344]","[0.8109, 0.8413, 0.853, 0.8542, 0.8646, 0.8679, 0.8711, 0.8761, 0.8798, 0.8808]"
SGD,0.01,0.0,0.0,batchnorm,256,10,0.4582268014867255,0.36665982666015623,0.8686,0.8686,9,"[1.0926094369685395, 0.7341769418817885, 0.6388069251750378, 0.5845351512127734, 0.549160565467591, 0.5218271907339704, 0.5008892977491338, 0.48705321867415247, 0.47030470181018746, 0.4582268014867255]","[0.6115866760253906, 0.5248126586914063, 0.46249525451660156, 0.44007235717773435, 0.4188766082763672, 0.4149493011474609, 0.3931452575683594, 0.3938844818115234, 0.37383152160644534, 0.36665982666015623]","[0.7802, 0.808, 0.8351, 0.8379, 0.8516, 0.8497, 0.8556, 0.8573, 0.8647, 0.8686]"
SGD,0.01,0.0,0.0,layernorm,64,10,0.3777982224819503,0.32931877746582033,0.8804,0.8841,8,"[0.8361171576450629, 0.5718094803122823, 0.5029057119129055, 0.466500818141615, 0.44654890974320327, 0.4212902915407854, 0.40951950498608386, 0.3983501525861876, 0.38553220265582683, 0.3777982224819503]","[0.5074317291259766, 0.45110199279785157, 0.4001338989257813, 0.3788696533203125, 0.3619415802001953, 0.3513517456054687, 0.3477980010986328, 0.34141248168945315, 0.32784237670898436, 0.32931877746582033]","[0.8164, 0.8361, 0.8551, 0.8632, 0.8696, 0.874, 0.8771, 0.8761, 0.8841, 0.8804]"
SGD,0.01,0.0,0.0,layernorm,128,10,0.4274379947165182,0.34869721069335935,0.8711,0.8747,8,"[1.1005027796159674, 0.6816740412193575, 0.5938739677482068, 0.5414843662207061, 0.5052413944242351, 0.48321628487948926, 0.4645436729576542, 0.4496329139544766, 0.4362457531855813, 0.4274379947165182]","[0.5517496459960938, 0.4665687072753906, 0.4283601135253906, 0.4089788482666016, 0.3925148956298828, 0.3742939697265625, 0.36803753356933594, 0.36937029724121095, 0.3492709869384766, 0.34869721069335935]","[0.7974, 0.8329, 0.8443, 0.8526, 0.8564, 0.8653, 0.8609, 0.8626, 0.8747, 0.8711]"
SGD,0.01,0.0,0.0,layernorm,256,10,0.46685940788147295,0.3758618835449219,0.8631,0.8631,9,"[1.140873030906028, 0.7257963309896753, 0.6428137465994409, 0.5884112807030374, 0.5566399990244114, 0.5289034546689785, 0.5105133331836538, 0.49260859502122756, 0.48017914675651713, 0.46685940788147295]","[0.6052198974609375, 0.5133270111083984, 0.4765221252441406, 0.4527089782714844, 0.4166795135498047, 0.4100817932128906, 0.4011684875488281, 0.38552764892578123, 0.3846196746826172, 0.3758618835449219]","[0.7812, 0.8132, 0.831, 0.8332, 0.8504, 0.8511, 0.8559, 0.8591, 0.8606, 0.8631]"
SGD,0.01,0.0,0.0001,None,64,10,0.396993840800356,0.33698000793457034,0.8788,0.88,8,"[0.9463914939716681, 0.6170254134928493, 0.5458260404148589, 0.5055404375674628, 0.4736074157901156, 0.4559121594976769, 0.43853640216372924, 0.42094914888395174, 0.4112446973604688, 0.396993840800356]","[0.5457071044921875, 0.4712430236816406, 0.42896062622070313, 0.39872874145507814, 0.3855396270751953, 0.37305908508300784, 0.3625993255615234, 0.3654188934326172, 0.3370665771484375, 0.33698000793457034]","[0.7895, 0.8215, 0.8378, 0.8511, 0.857, 0.8617, 0.8636, 0.8673, 0.88, 0.8788]"
SGD,0.01,0.0,0.0001,None,128,10,0.46768879134263563,0.3863294494628906,0.8579,0.8579,9,"[1.1275518725929992, 0.7296465570484397, 0.6402100977867142, 0.5943261988000321, 0.5617879087101422, 0.5363029016614723, 0.5157008296264006, 0.49469811137297004, 0.47750866260609903, 0.46768879134263563]","[0.6411406799316406, 0.54396162109375, 0.49900722351074217, 0.46995625915527345, 0.446955615234375, 0.4301014770507812, 0.41154754638671875, 0.4011880035400391, 0.3867945831298828, 0.3863294494628906]","[0.752, 0.7819, 0.8051, 0.8176, 0.8309, 0.8394, 0.8472, 0.8508, 0.8549, 0.8579]"
SGD,0.01,0.0,0.0001,None,256,10,0.5578541635198796,0.4553835479736328,0.8337,0.8337,9,"[1.311189275092267, 0.8611385426622756, 0.7478796058512749, 0.690964629802298, 0.650490609635698, 0.6280832332499484, 0.6062798975630009, 0.5888535526204617, 0.5692115025317416, 0.5578541635198796]","[0.7703664733886719, 0.6211508850097657, 0.5762656524658203, 0.5446651123046875, 0.5247362884521485, 0.5079514434814453, 0.49519329223632813, 0.4751583679199219, 0.46851375732421874, 0.4553835479736328]","[0.7294, 0.775, 0.7823, 0.802, 0.8032, 0.8094, 0.8133, 0.826, 0.8312, 0.8337]"
SGD,0.01,0.0,0.0001,batchnorm,64,10,0.3693401264483486,0.3204605682373047,0.8815,0.8824,8,"[0.8211591767349731, 0.5579582250702864, 0.4995376718387421, 0.4583867775764801, 0.4375086968292051, 0.4189334921300538, 0.4028069091790012, 0.3914728082065135, 0.37969982887763204, 0.3693401264483486]","[0.48085650329589846, 0.41983262634277346, 0.3833496826171875, 0.37113490600585936, 0.3551516326904297, 0.35053578186035156, 0.3313681945800781, 0.34596314392089844, 0.32199979858398436, 0.3204605682373047]","[0.8254, 0.8453, 0.8571, 0.8637, 0.8676, 0.873, 0.8779, 0.8742, 0.8824, 0.8815]"
SGD,0.01,0.0,0.0001,batchnorm,128,10,0.40759961110061166,0.3447427947998047,0.8766,0.8766,9,"[0.9268232249756103, 0.6282879044887608, 0.553006983515042, 0.5107560243560816, 0.4842859964762161, 0.4643645520721163, 0.447601672365213, 0.433365465608487, 0.4210765479978468, 0.40759961110061166]","[0.5209796722412109, 0.4471981567382812, 0.41682216796875, 0.38534225158691404, 0.3719303771972656, 0.36479304504394533, 0.36104285583496093, 0.3456987762451172, 0.34017755126953125, 0.3447427947998047]","[0.8168, 0.8406, 0.852, 0.8629, 0.8682, 0.8709, 0.8716, 0.8754, 0.8753, 0.8766]"
SGD,0.01,0.0,0.0001,batchnorm,256,10,0.46734649716539584,0.4034992279052734,0.8506,0.8629,8,"[1.0844846367835999, 0.7207219788368712, 0.6317047909219214, 0.5855231529854713, 0.5494164262680297, 0.5221707484823592, 0.5073052420261058, 0.48951921057193837, 0.47625609927989065, 0.46734649716539584]","[0.590122900390625, 0.5114218017578125, 0.47202828369140626, 0.44682426147460935, 0.4218900268554687, 0.41531398010253906, 0.4018168304443359, 0.3915819763183594, 0.38312769775390626, 0.4034992279052734]","[0.7837, 0.8173, 0.8312, 0.8389, 0.849, 0.8521, 0.8517, 0.8612, 0.8629, 0.8506]"
SGD,0.01,0.0,0.0001,layernorm,64,10,0.3801916037827158,0.32031700744628905,0.8812,0.8812,9,"[0.8293577364957663, 0.5627810893409542, 0.500382370007699, 0.4659596344332959, 0.4441499920891546, 0.42639363294979654, 0.41222449163320474, 0.40022955629934887, 0.38854928255907256, 0.3801916037827158]","[0.4624803253173828, 0.4109973083496094, 0.38882791748046874, 0.36622593994140623, 0.3517147705078125, 0.3446656890869141, 0.3394517883300781, 0.3456265838623047, 0.33480703735351564, 0.32031700744628905]","[0.8303, 0.8481, 0.8523, 0.861, 0.8712, 0.8695, 0.8724, 0.8672, 0.8783, 0.8812]"
SGD,0.01,0.0,0.0001,layernorm,128,10,0.40309278346073907,0.3517671813964844,0.8673,0.868,7,"[0.9586903635881094, 0.6189910101610968, 0.5489086034074266, 0.5097341000525428, 0.47495427352787334, 0.45464674521610937, 0.43756103089877535, 0.42575375376733887, 0.41278287949465486, 0.40309278346073907]","[0.5199471801757812, 0.44287957763671876, 0.4163247924804688, 0.3948461212158203, 0.38303364868164064, 0.36449188537597654, 0.3632074890136719, 0.3563388122558594, 0.3589806182861328, 0.3517671813964844]","[0.8068, 0.8336, 0.8434, 0.8537, 0.858, 0.8613, 0.8624, 0.868, 0.8669, 0.8673]"
SGD,0.01,0.0,0.0001,layernorm,256,10,0.456262795088139,0.372816455078125,0.863,0.863,9,"[1.208712323929401, 0.7559358406574168, 0.6457932160255757, 0.5910361484010169, 0.5531409509638523, 0.5215261094113613, 0.5021122186741931, 0.4840503285539911, 0.46977001809059304, 0.456262795088139]","[0.6602979309082031, 0.5325218597412109, 0.48729747314453126, 0.4466125, 0.43568841247558593, 0.4127645660400391, 0.39812017211914064, 0.38937349548339845, 0.39824093322753906, 0.372816455078125]","[0.7674, 0.8074, 0.8264, 0.8412, 0.8397, 0.8495, 0.8551, 0.858, 0.8565, 0.863]"
SGD,0.01,0.3,0.0,None,64,10,0.47411166017116513,0.3687234893798828,0.86,0.8619,8,"[1.093164569724089, 0.730763566551178, 0.6438506913464715, 0.5896829834053003, 0.5601999657367592, 0.5336253516264816, 0.5126357764831738, 0.49602687722647876, 0.4837704496597176, 0.47411166017116513]","[0.597628466796875, 0.5191088226318359, 0.4735941284179688, 0.4446504150390625, 0.42430708618164065, 0.4056961669921875, 0.40674791564941404, 0.3819387939453125, 0.37115155334472655, 0.3687234893798828]","[0.7725, 0.7986, 0.8233, 0.8273, 0.8408, 0.8491, 0.8453, 0.8605, 0.8619, 0.86]"
SGD,0.01,0.3,0.0,None,128,10,0.5491191362902554,0.41566819458007814,0.8515,0.8515,9,"[1.3460825469448114, 0.8531974360886921, 0.73879872697757, 0.6769632015274023, 0.6427288254313885, 0.6186746617497157, 0.588719029479952, 0.5731321421386336, 0.5593795897736986, 0.5491191362902554]","[0.6927063903808593, 0.5874831176757812, 0.5348358154296875, 0.5033933929443359, 0.48496527709960935, 0.4651723175048828, 0.4449981018066406, 0.4337655639648437, 0.43201932067871096, 0.41566819458007814]","[0.7554, 0.7804, 0.8015, 0.8113, 0.8221, 0.8255, 0.8375, 0.8397, 0.8433, 0.8515]"
SGD,0.01,0.3,0.0,None,256,10,0.6344257082076783,0.49010025634765625,0.8185,0.8185,9,"[1.5718441958123066, 1.0484894346683584, 0.8878151000814235, 0.8027812884209004, 0.7537823256025923, 0.7188885950027628, 0.6918038936371499, 0.6708996496302017, 0.6496343222070248, 0.6344257082076783]","[0.878814501953125, 0.6985514099121094, 0.6288411682128906, 0.5906477600097656, 0.5655268737792969, 0.5499704925537109, 0.5290289703369141, 0.5178739654541016, 0.5071254333496094, 0.49010025634765625]","[0.7074, 0.7406, 0.7615, 0.7764, 0.7867, 0.7917, 0.8028, 0.8035, 0.8109, 0.8185]"
SGD,0.01,0.3,0.0,batchnorm,64,10,0.4542886013351778,0.3502547119140625,0.8707,0.8707,9,"[0.9837582385234995, 0.6730776773586965, 0.6012707067006178, 0.562981561048707, 0.5317512819730142, 0.5111130638671583, 0.49171954248823335, 0.4774712787063391, 0.4666656626185883, 0.4542886013351778]","[0.5390615997314453, 0.47882485656738283, 0.4383839080810547, 0.40931785583496094, 0.40028206787109377, 0.38725386352539065, 0.37184213256835935, 0.3674914031982422, 0.3555197509765625, 0.3502547119140625]","[0.7958, 0.8204, 0.8401, 0.8486, 0.8523, 0.8576, 0.8637, 0.8652, 0.8698, 0.8707]"
SGD,0.01,0.3,0.0,batchnorm,128,10,0.49357964965834544,0.37054005737304685,0.8655,0.8655,9,"[1.1571586025294973, 0.7660652907418289, 0.6794610690714707, 0.6270627881418159, 0.5861194729804993, 0.5555686383232125, 0.5363611131588787, 0.5209551041822698, 0.5040448443976038, 0.49357964965834544]","[0.5888346374511719, 0.517576058959961, 0.4821424774169922, 0.4481076599121094, 0.4300555969238281, 0.4060607513427734, 0.3983999145507813, 0.38472026062011716, 0.37652425231933595, 0.37054005737304685]","[0.7759, 0.8055, 0.8096, 0.8362, 0.8458, 0.8499, 0.8542, 0.858, 0.8584, 0.8655]"
SGD,0.01,0.3,0.0,batchnorm,256,10,0.568042620572638,0.405512841796875,0.8552,0.8552,9,"[1.31435275458275, 0.8881391066185972, 0.7770958819287889, 0.7175088332054463, 0.679739741315233, 0.6435387932239695, 0.6197825553569388, 0.5962898646263366, 0.5815532691935276, 0.568042620572638]","[0.6730253845214844, 0.5725345642089844, 0.5274897613525391, 0.49699115295410157, 0.47061839599609373, 0.4481764343261719, 0.4359426788330078, 0.4206122100830078, 0.4148603790283203, 0.405512841796875]","[0.7701, 0.7943, 0.8083, 0.8192, 0.8305, 0.8322, 0.8427, 0.8476, 0.8485, 0.8552]"
SGD,0.01,0.3,0.0,layernorm,64,10,0.464566481043535,0.3602529327392578,0.868,0.868,9,"[1.0140220408818361, 0.6831677705684959, 0.6127279762075399, 0.5686155387651183, 0.5380096147690755, 0.5139546447248855, 0.49883307160726237, 0.48570053056994483, 0.47203577878569236, 0.464566481043535]","[0.5614826843261719, 0.49104310607910157, 0.4432473602294922, 0.4208037261962891, 0.4027614410400391, 0.39806888732910156, 0.37947196655273435, 0.3688419860839844, 0.3649841796875, 0.3602529327392578]","[0.7894, 0.8032, 0.8346, 0.8368, 0.8507, 0.8508, 0.8649, 0.8633, 0.8675, 0.868]"
SGD,0.01,0.3,0.0,layernorm,128,10,0.4961163152509661,0.3698700134277344,0.8633,0.8633,9,"[1.2098516468554417, 0.7800206038743448, 0.6925461428251856, 0.6405132192411402, 0.6002936812479105, 0.5672343253199734, 0.5453246568184672, 0.5232105323754902, 0.5103338056408775, 0.4961163152509661]","[0.611548388671875, 0.5269776550292968, 0.5003611389160156, 0.45116038513183593, 0.4404336456298828, 0.4214944091796875, 0.39680447692871096, 0.39145152282714846, 0.3821389709472656, 0.3698700134277344]","[0.773, 0.7976, 0.8136, 0.8342, 0.8357, 0.8378, 0.8526, 0.8556, 0.8566, 0.8633]"
SGD,0.01,0.3,0.0,layernorm,256,10,0.5543906237216706,0.4122238250732422,0.8474,0.8474,9,"[1.3965269284045443, 0.8809521459518594, 0.7630368415345536, 0.7065281611807803, 0.6578224229051711, 0.6278129898487254, 0.6090691350876016, 0.5841598059268708, 0.5721374121118099, 0.5543906237216706]","[0.6885425170898437, 0.5653576232910156, 0.5219288299560547, 0.4929981842041016, 0.47934339599609377, 0.4571172515869141, 0.44912343139648436, 0.430812255859375, 0.42228124389648436, 0.4122238250732422]","[0.7741, 0.7995, 0.8096, 0.8209, 0.8258, 0.8314, 0.8402, 0.8418, 0.8463, 0.8474]"
SGD,0.01,0.3,0.0001,None,64,10,0.4695070916846363,0.3657267761230469,0.8685,0.8685,9,"[1.089611459960307, 0.7185007417316376, 0.6289395579397042, 0.5847388445886214, 0.5505293783888634, 0.5284635765211922, 0.5079621482155979, 0.4937344933750787, 0.4823255432980147, 0.4695070916846363]","[0.5803962097167968, 0.5049968017578125, 0.4574072937011719, 0.43140514221191406, 0.4132370086669922, 0.40588017578125, 0.3922604522705078, 0.37817101135253905, 0.37057104797363283, 0.3657267761230469]","[0.7858, 0.8155, 0.8345, 0.8411, 0.8485, 0.8499, 0.8548, 0.8565, 0.8647, 0.8685]"
SGD,0.01,0.3,0.0001,None,128,10,0.5457893794279363,0.4134066619873047,0.847,0.847,9,"[1.366751979536085, 0.8694971552027314, 0.7572357442333246, 0.6981527991513453, 0.6554264370312315, 0.6233629769226635, 0.5995975525013165, 0.5816880874415197, 0.5643800216824261, 0.5457893794279363]","[0.7141488830566406, 0.6017490356445313, 0.5570061218261719, 0.522115835571289, 0.5007224731445312, 0.47368212280273436, 0.46044778747558596, 0.4415036865234375, 0.4338106658935547, 0.4134066619873047]","[0.7446, 0.7727, 0.7874, 0.8103, 0.8147, 0.8269, 0.8298, 0.8363, 0.8421, 0.847]"
SGD,0.01,0.3,0.0001,None,256,10,0.6158501282651374,0.46570235595703124,0.8296,0.8296,9,"[1.5808534941774735, 1.0464626664810992, 0.8756166432766204, 0.7938729724985488, 0.7363713142719674, 0.700243869994549, 0.6711869648162355, 0.6503687845899704, 0.6285290151200396, 0.6158501282651374]","[0.8732899963378906, 0.6954379699707032, 0.6093478332519531, 0.5687144653320313, 0.5412671020507812, 0.5233606719970703, 0.5046976348876954, 0.49310703125, 0.4810895812988281, 0.46570235595703124]","[0.7262, 0.7541, 0.7733, 0.7879, 0.7936, 0.8058, 0.8078, 0.8195, 0.8223, 0.8296]"
SGD,0.01,0.3,0.0001,batchnorm,64,10,0.4488793565615662,0.34897130126953124,0.8754,0.8754,9,"[0.9762716421694644, 0.6725290112658096, 0.5956316857195613, 0.5513706851933302, 0.5249062060420193, 0.5071078863924247, 0.48774792641591924, 0.4755182934722412, 0.46248257666953335, 0.4488793565615662]","[0.5360917846679687, 0.47109354248046875, 0.43258099670410155, 0.4075784393310547, 0.39316209716796874, 0.3843358428955078, 0.36870703430175783, 0.3595605590820313, 0.36297471618652344, 0.34897130126953124]","[0.7942, 0.8265, 0.8414, 0.8529, 0.8565, 0.8583, 0.866, 0.8715, 0.8717, 0.8754]"
SGD,0.01,0.3,0.0001,batchnorm,128,10,0.5035514977059639,0.3858144561767578,0.8565,0.8585,8,"[1.1432674439477006, 0.7773045469194587, 0.6796255130757655, 0.6274141171720745, 0.5874136511577981, 0.5627852315460441, 0.5425389853240584, 0.5253753159473191, 0.5161448507420798, 0.5035514977059639]","[0.6071813171386718, 0.5319978576660156, 0.47926635437011716, 0.4568901611328125, 0.43204166564941404, 0.42725460510253904, 0.40805764770507813, 0.3941194946289063, 0.38555048828125, 0.3858144561767578]","[0.7796, 0.8035, 0.8239, 0.8321, 0.8403, 0.8409, 0.849, 0.853, 0.8585, 0.8565]"
SGD,0.01,0.3,0.0001,batchnorm,256,10,0.5494945268681709,0.4080204864501953,0.8526,0.8526,9,"[1.3081748602238108, 0.8826007181025566, 0.7666621920910287, 0.7002781903490107, 0.6600810512583306, 0.629214042551974, 0.6015935730426869, 0.5804420022254294, 0.5656708653936995, 0.5494945268681709]","[0.6654885070800781, 0.5674348999023437, 0.5188305480957032, 0.49613847045898435, 0.465716796875, 0.4478869689941406, 0.43698875732421877, 0.4290261077880859, 0.4179423980712891, 0.4080204864501953]","[0.7617, 0.7913, 0.8105, 0.8084, 0.8304, 0.8369, 0.8398, 0.843, 0.8498, 0.8526]"
SGD,0.01,0.3,0.0001,layernorm,64,10,0.4442178818272121,0.3445172058105469,0.8713,0.8722,8,"[1.0158750862200885, 0.6839561930724553, 0.5951951693243055, 0.5514729388995465, 0.5234106716825001, 0.4980060562713822, 0.4797851251068908, 0.46860887154714387, 0.4563588069191874, 0.4442178818272121]","[0.5528102325439453, 0.46387384643554685, 0.43349613037109375, 0.41171622314453127, 0.38388277587890623, 0.3793107849121094, 0.3669066192626953, 0.36188138122558594, 0.34946444396972653, 0.3445172058105469]","[0.7897, 0.8234, 0.8406, 0.8442, 0.8553, 0.8584, 0.8632, 0.8616, 0.8722, 0.8713]"
SGD,0.01,0.3,0.0001,layernorm,128,10,0.49826722955907077,0.36474304504394534,0.8661,0.8661,9,"[1.2530699719243974, 0.8095882958186461, 0.7015894411850586, 0.6428931602664085, 0.5957393244004199, 0.568967322233135, 0.5462792391843124, 0.5226264277627981, 0.5106042159010352, 0.49826722955907077]","[0.6294949890136718, 0.5286721954345703, 0.48128494262695315, 0.4559304931640625, 0.4206591094970703, 0.41772318115234375, 0.3917010772705078, 0.3808905181884766, 0.37455947265625, 0.36474304504394534]","[0.7691, 0.8005, 0.8221, 0.8291, 0.8486, 0.8463, 0.857, 0.8566, 0.8605, 0.8661]"
SGD,0.01,0.3,0.0001,layernorm,256,10,0.5660066551350532,0.42258957824707033,0.8399,0.8399,9,"[1.4319813852614545, 0.9264487842296032, 0.794877632628096, 0.7248405923234655, 0.6813271126848586, 0.6480820556904408, 0.6232378380095706, 0.6005829036235809, 0.5830672808150028, 0.5660066551350532]","[0.7242077514648437, 0.5960648376464843, 0.5402156219482422, 0.5140558898925781, 0.49259708251953127, 0.4704197570800781, 0.45825804748535154, 0.4387977020263672, 0.4279405731201172, 0.42258957824707033]","[0.7423, 0.7835, 0.7976, 0.8024, 0.8182, 0.8197, 0.8286, 0.8339, 0.838, 0.8399]"
SGD,0.001,0.0,0.0,None,64,10,0.7132441302352368,0.5587476806640626,0.7869,0.7869,9,"[1.6969197696841347, 1.1480454319575701, 0.9921007835026234, 0.9045938876773248, 0.8503640180965985, 0.8119569656246507, 0.7804683867865788, 0.7544400434313553, 0.7282104350483494, 0.7132441302352368]","[1.0556802734375, 0.823381884765625, 0.7389909484863281, 0.6858146179199218, 0.6534886840820312, 0.6278112731933594, 0.607186669921875, 0.58752607421875, 0.5708618713378906, 0.5587476806640626]","[0.669, 0.714, 0.7302, 0.7414, 0.756, 0.7625, 0.7649, 0.7746, 0.779, 0.7869]"
SGD,0.001,0.0,0.0,None,128,10,0.8057798797896167,0.6298795166015625,0.7633,0.7633,9,"[1.8613318319259675, 1.3655949073559694, 1.1847936713110918, 1.0675858928959, 0.9953373249914093, 0.9369560201793338, 0.8963282429841536, 0.8627667640572163, 0.8286223844932848, 0.8057798797896167]","[1.326776806640625, 1.0244099365234376, 0.9009607666015625, 0.8194656799316407, 0.7671407470703125, 0.7283541931152344, 0.6944984924316406, 0.6712523681640625, 0.6479056457519531, 0.6298795166015625]","[0.5905, 0.6608, 0.6932, 0.7179, 0.7281, 0.7327, 0.7486, 0.7523, 0.7603, 0.7633]"
SGD,0.001,0.0,0.0,None,256,10,1.0412646542204187,0.8209592163085937,0.7257,0.7257,9,"[2.1858199697859746, 1.9229810486448573, 1.662979794563131, 1.4696197732965997, 1.3342006049257644, 1.245870556729905, 1.173921943471787, 1.1243628248255304, 1.076706804366822, 1.0412646542204187]","[2.010347998046875, 1.6595464599609375, 1.3702666748046874, 1.1854116455078125, 1.0709077270507812, 0.9919201904296875, 0.9329810852050782, 0.8867155395507812, 0.85261865234375, 0.8209592163085937]","[0.4331, 0.5694, 0.6186, 0.6445, 0.6664, 0.6794, 0.6963, 0.7095, 0.7186, 0.7257]"
SGD,0.001,0.0,0.0,batchnorm,64,10,0.5801944812414235,0.445261572265625,0.8381,0.8381,9,"[1.3253394540693206, 0.9264641291678333, 0.8147270343324015, 0.7482685393679624, 0.7036619295380009, 0.6694277132879188, 0.6452991520799299, 0.6207664909202661, 0.6009641473672029, 0.5801944812414235]","[0.7475156311035156, 0.6344853698730468, 0.5803301513671875, 0.5390377349853516, 0.5171747314453125, 0.49846880493164064, 0.4835807403564453, 0.4685953094482422, 0.45412257690429686, 0.445261572265625]","[0.757, 0.7789, 0.7907, 0.8017, 0.8087, 0.8173, 0.8212, 0.8283, 0.835, 0.8381]"
SGD,0.001,0.0,0.0,batchnorm,128,10,0.681683636232734,0.5131018005371094,0.8199,0.8199,9,"[1.5813081528840542, 1.136826450128291, 0.9849082963553064, 0.8943160524500459, 0.8336043192633688, 0.7861890332785242, 0.7551721991506467, 0.7269895438954774, 0.7033168997591747, 0.681683636232734]","[0.993825146484375, 0.79966630859375, 0.7013613830566406, 0.6444428894042968, 0.6103920349121094, 0.582240478515625, 0.5596405029296875, 0.5401637573242187, 0.5266297027587891, 0.5131018005371094]","[0.6939, 0.7422, 0.7633, 0.7785, 0.7889, 0.7954, 0.803, 0.8091, 0.8117, 0.8199]"
SGD,0.001,0.0,0.0,batchnorm,256,10,0.7792270939400856,0.562734765625,0.8025,0.8025,9,"[1.791465488393256, 1.2602313675778978, 1.103812533743838, 1.0107616797406622, 0.9460135609545606, 0.8960850241336417, 0.8568992693373497, 0.8284073570941357, 0.7978809663589964, 0.7792270939400856]","[1.1180406494140624, 0.9008107360839843, 0.7883136108398437, 0.7238897766113281, 0.6766997009277343, 0.6433846740722656, 0.6178640930175782, 0.5970128723144531, 0.5777596069335937, 0.562734765625]","[0.6808, 0.7294, 0.7518, 0.7632, 0.7736, 0.7806, 0.7881, 0.7919, 0.7977, 0.8025]"
SGD,0.001,0.0,0.0,layernorm,64,10,0.5424386053197165,0.41733720092773435,0.8502,0.8502,9,"[1.35705244985979, 0.9278527704129087, 0.790806928613801, 0.7162382173449245, 0.6659030438676826, 0.628518288005898, 0.6004446001449374, 0.577824716660768, 0.5592953994520692, 0.5424386053197165]","[0.7770927673339844, 0.6200007568359375, 0.5568199584960938, 0.5093752410888672, 0.48180949401855466, 0.4612400939941406, 0.44621046447753904, 0.43832257995605467, 0.4235717987060547, 0.41733720092773435]","[0.7465, 0.7852, 0.8069, 0.8204, 0.8309, 0.8336, 0.8401, 0.8434, 0.8469, 0.8502]"
SGD,0.001,0.0,0.0,layernorm,128,10,0.6750592621150555,0.49440147399902346,0.8212,0.8212,9,"[1.6615017848228342, 1.1596032410288162, 0.9833811339793175, 0.8913624483639243, 0.8281408913099944, 0.7816287694709387, 0.7480029611191007, 0.7187431692949998, 0.6924169319652037, 0.6750592621150555]","[1.0330613037109375, 0.7947142211914062, 0.6869755676269531, 0.6274726379394531, 0.5880929260253906, 0.564248193359375, 0.5395753631591796, 0.5218220397949219, 0.5036364990234375, 0.49440147399902346]","[0.6979, 0.7368, 0.7633, 0.7757, 0.7938, 0.8, 0.806, 0.8143, 0.8194, 0.8212]"
SGD,0.001,0.0,0.0,layernorm,256,10,0.7868887645132998,0.5630218566894531,0.8024,0.8024,9,"[1.931313708995251, 1.3603245841695908, 1.163721271778675, 1.053625944066555, 0.9744767143371257, 0.9232872270523234, 0.8791960046646443, 0.8430997011509348, 0.8085465933414215, 0.7868887645132998]","[1.2692884765625, 0.9544405883789062, 0.8270534851074218, 0.7463481872558594, 0.6937109436035156, 0.6566184875488281, 0.6263487487792969, 0.6016703918457031, 0.5813214416503907, 0.5630218566894531]","[0.6542, 0.712, 0.739, 0.7552, 0.7674, 0.7778, 0.7851, 0.7939, 0.7982, 0.8024]"
SGD,0.001,0.0,0.0001,None,64,10,0.6802929729413885,0.5229627014160156,0.8047,0.8047,9,"[1.7521428009594426, 1.1548154155836938, 0.9619488691978617, 0.8684725916144181, 0.8133209246371601, 0.7694059780983529, 0.7383755243409162, 0.7116338351387967, 0.6948945419366426, 0.6802929729413885]","[1.1001995483398437, 0.8064731140136718, 0.7015834167480469, 0.6480824951171875, 0.6089167541503906, 0.58187724609375, 0.5636831909179687, 0.5471697631835938, 0.5371200927734375, 0.5229627014160156]","[0.6856, 0.729, 0.7509, 0.7633, 0.7754, 0.7837, 0.7887, 0.7958, 0.7995, 0.8047]"
SGD,0.001,0.0,0.0001,None,128,10,0.8041816414800534,0.631852587890625,0.7737,0.7737,9,"[2.019909586225237, 1.515163094250124, 1.2372665067217243, 1.0990056386634486, 1.0116383602370078, 0.9485263521991559, 0.9034301272587482, 0.8691943369186255, 0.8361140610312602, 0.8041816414800534]","[1.6172099243164062, 1.1305264282226561, 0.9311194152832031, 0.8366792907714844, 0.7746924011230468, 0.7323042236328124, 0.7047634094238281, 0.6735076538085938, 0.6505440551757813, 0.631852587890625]","[0.5872, 0.6767, 0.7054, 0.7229, 0.7326, 0.7445, 0.7508, 0.7579, 0.7651, 0.7737]"
SGD,0.001,0.0,0.0001,None,256,10,0.9553026737050807,0.7218877502441406,0.7462,0.7462,9,"[2.1845051400204922, 1.9219786836745891, 1.6493522436060803, 1.4235623182134425, 1.2741870484453566, 1.1685597001238073, 1.0987951215277327, 1.0399811625480653, 0.9911635525683139, 0.9553026737050807]","[2.00463779296875, 1.658082275390625, 1.3265904052734374, 1.1040742919921875, 0.9699686889648438, 0.8814945251464844, 0.8261879455566407, 0.7810703857421875, 0.7475450256347657, 0.7218877502441406]","[0.4105, 0.5592, 0.6453, 0.6983, 0.7115, 0.7169, 0.7258, 0.734, 0.7359, 0.7462]"
SGD,0.001,0.0,0.0001,batchnorm,64,10,0.5641207334392869,0.4273947021484375,0.8488,0.8488,9,"[1.360892485898695, 0.9249590217812992, 0.8058590427009281, 0.7361724303920132, 0.6840718082591161, 0.6466005778134759, 0.6254092826962725, 0.6015161913849397, 0.5821725111017858, 0.5641207334392869]","[0.7700898010253906, 0.6199962646484375, 0.5562083618164062, 0.5208292510986328, 0.49246658630371093, 0.4704940216064453, 0.4578457611083984, 0.4450770263671875, 0.432373388671875, 0.4273947021484375]","[0.7427, 0.7783, 0.8005, 0.8136, 0.8235, 0.8324, 0.8364, 0.8382, 0.8458, 0.8488]"
SGD,0.001,0.0,0.0001,batchnorm,128,10,0.668315718613708,0.507869223022461,0.8189,0.8189,9,"[1.5253526633228067, 1.0621219362531389, 0.935751785093279, 0.8576705590494151, 0.8029794686638725, 0.7660685575593, 0.7363595412229933, 0.7096384324625865, 0.6835294440865263, 0.668315718613708]","[0.8925759887695313, 0.7413569152832031, 0.6655766662597656, 0.6252942016601563, 0.5931540710449219, 0.567272998046875, 0.5500221740722656, 0.5348794494628907, 0.518760708618164, 0.507869223022461]","[0.7311, 0.755, 0.7723, 0.7851, 0.7932, 0.8008, 0.8041, 0.8108, 0.817, 0.8189]"
SGD,0.001,0.0,0.0001,batchnorm,256,10,0.80786180876671,0.6086714050292968,0.7896,0.7896,9,"[1.8953886798087587, 1.3277412373968895, 1.1667474898886174, 1.0684941200499838, 0.9978026488994031, 0.9439260766861287, 0.9000363512242094, 0.8644692048113397, 0.8366317378713729, 0.80786180876671]","[1.2125421752929688, 0.9807795837402343, 0.8601837158203125, 0.7930260070800781, 0.7392922790527344, 0.703763232421875, 0.6714698181152344, 0.6435064025878906, 0.6249971923828125, 0.6086714050292968]","[0.6599, 0.7173, 0.7365, 0.7496, 0.7591, 0.769, 0.7759, 0.7805, 0.7839, 0.7896]"
SGD,0.001,0.0,0.0001,layernorm,64,10,0.5593219920198547,0.4275193511962891,0.843,0.843,9,"[1.3373214591032407, 0.9123256661490337, 0.788940116127671, 0.7191653426395042, 0.672429018246848, 0.6433285732132031, 0.6181584222039689, 0.5940199324062893, 0.5785767193287928, 0.5593219920198547]","[0.7315279907226563, 0.603090478515625, 0.5457965270996094, 0.5131742492675782, 0.486107177734375, 0.47106398620605466, 0.4546774200439453, 0.45244251403808594, 0.43514407958984375, 0.4275193511962891]","[0.7682, 0.795, 0.8055, 0.8178, 0.8284, 0.8292, 0.8363, 0.8353, 0.8414, 0.843]"
SGD,0.001,0.0,0.0001,layernorm,128,10,0.6531173630691032,0.4843672119140625,0.8303,0.8303,9,"[1.5882478393217139, 1.1091407546356542, 0.9525564798414071, 0.8694019552741223, 0.8113366387037835, 0.7628353708334314, 0.7287989431606935, 0.6993052443461631, 0.6727610468737352, 0.6531173630691032]","[0.9598365417480469, 0.7716480041503906, 0.6819714416503906, 0.6273992797851563, 0.5908456359863281, 0.5621761840820313, 0.5385844421386718, 0.5157264556884765, 0.49731182861328127, 0.4843672119140625]","[0.7119, 0.7508, 0.7717, 0.7838, 0.797, 0.8044, 0.8119, 0.8202, 0.8261, 0.8303]"
SGD,0.001,0.0,0.0001,layernorm,256,10,0.8335037530736721,0.603623486328125,0.7904,0.7904,9,"[1.9482265142684287, 1.5233039409556288, 1.2994993559857633, 1.1653776107950413, 1.0675025950086878, 0.9957028239331347, 0.9376514739178596, 0.8961702410210954, 0.8626011850986075, 0.8335037530736721]","[1.460682177734375, 1.130648681640625, 0.9536570678710937, 0.8444357177734375, 0.7739134582519531, 0.718153857421875, 0.6749294616699218, 0.6483890319824219, 0.6231397705078126, 0.603623486328125]","[0.6072, 0.6769, 0.7183, 0.74, 0.7509, 0.7626, 0.7739, 0.7773, 0.7869, 0.7904]"
SGD,0.001,0.3,0.0,None,64,10,0.7995620215498308,0.5925781005859375,0.7793,0.7793,9,"[1.968857581808623, 1.4710619068349093, 1.2354291683193972, 1.0981436655211296, 1.0117201968423848, 0.9414061760978658, 0.8962764243708491, 0.8627700112394686, 0.824077100959668, 0.7995620215498308]","[1.3734620361328125, 0.9930418273925782, 0.8500650390625, 0.769450830078125, 0.7101138854980469, 0.676049072265625, 0.6453920593261718, 0.6278495971679687, 0.6075365234375, 0.5925781005859375]","[0.6356, 0.6978, 0.7196, 0.7325, 0.7502, 0.7508, 0.7608, 0.7682, 0.7746, 0.7793]"
SGD,0.001,0.3,0.0,None,128,10,0.934625828571157,0.6814288940429688,0.7479,0.7479,9,"[2.0980516532336724, 1.700509715944465, 1.4401974596702722, 1.2818872532102346, 1.1816634706088476, 1.106713303116593, 1.0471603388725312, 1.0058540314245326, 0.964923742229242, 0.934625828571157]","[1.687665576171875, 1.2289105712890624, 1.003841082763672, 0.8886069458007813, 0.8215052551269532, 0.7806999633789062, 0.7445798156738281, 0.7177713500976562, 0.6981718139648437, 0.6814288940429688]","[0.5103, 0.6574, 0.6792, 0.6953, 0.7069, 0.7212, 0.7304, 0.7354, 0.7427, 0.7479]"
SGD,0.001,0.3,0.0,None,256,10,1.2712355441235481,0.916204248046875,0.7203,0.7203,9,"[2.242634625130511, 2.0609158120256788, 1.908489500208104, 1.7718340346153747, 1.657747594853665, 1.5541632951574123, 1.4617541160989316, 1.3839910532565827, 1.3235396070683256, 1.2712355441235481]","[2.074361083984375, 1.8300424438476564, 1.6230742553710937, 1.4520477783203125, 1.3124988647460938, 1.1978132202148437, 1.1024838256835938, 1.0311558532714844, 0.9672967102050781, 0.916204248046875]","[0.4415, 0.563, 0.5883, 0.6168, 0.6454, 0.6724, 0.6904, 0.7019, 0.7133, 0.7203]"
SGD,0.001,0.3,0.0,batchnorm,64,10,0.7004700656384547,0.5175469299316406,0.8005,0.8005,9,"[1.5714654336606007, 1.1096743336364405, 0.976379260071305, 0.9016142275923097, 0.8403336673593724, 0.8011772235446393, 0.7674587722589721, 0.7416851260959466, 0.7161980316455938, 0.7004700656384547]","[0.8341033081054687, 0.712172705078125, 0.6505728515625, 0.6121519165039062, 0.5877643127441406, 0.5647979125976562, 0.5490942749023437, 0.5344229736328125, 0.5208807434082031, 0.5175469299316406]","[0.7284, 0.7483, 0.7614, 0.7698, 0.7775, 0.784, 0.7911, 0.7932, 0.7995, 0.8005]"
SGD,0.001,0.3,0.0,batchnorm,128,10,0.8360982206838725,0.5740717529296875,0.792,0.792,9,"[2.0302887804218446, 1.477862224141672, 1.2516042273690198, 1.1259463139688537, 1.0421535426111364, 0.9786272489948313, 0.924973835950213, 0.8925810826104333, 0.8573204871179707, 0.8360982206838725]","[1.2998193115234375, 0.9505399780273438, 0.8045054138183594, 0.727871875, 0.6805163024902344, 0.647991845703125, 0.6222365966796874, 0.60197744140625, 0.5853954650878906, 0.5740717529296875]","[0.6524, 0.7228, 0.7428, 0.7538, 0.7638, 0.7718, 0.7761, 0.7815, 0.788, 0.792]"
SGD,0.001,0.3,0.0,batchnorm,256,10,0.9865726772775041,0.6599033142089844,0.7674,0.7674,9,"[2.1939623964593764, 1.6367977167697663, 1.4481239775393873, 1.3170762615000948, 1.2232699358716923, 1.1601116459420386, 1.1020014666496438, 1.060877988439925, 1.024986920711842, 0.9865726772775041]","[1.3665317138671875, 1.1273060546875, 0.9730827758789062, 0.8722183776855469, 0.8134572265625, 0.7621645690917969, 0.7298597351074219, 0.7021441650390625, 0.6795726684570312, 0.6599033142089844]","[0.624, 0.6869, 0.7224, 0.7337, 0.7422, 0.7451, 0.7523, 0.7573, 0.7624, 0.7674]"
SGD,0.001,0.3,0.0,layernorm,64,10,0.6992912912038344,0.4959979309082031,0.8204,0.8204,9,"[1.6925202872453213, 1.1584350886756678, 0.9984110729780786, 0.9040894324083064, 0.8430177457868926, 0.7969350664854558, 0.7621725745546792, 0.7405643845672039, 0.7141415773233625, 0.6992912912038344]","[0.9051063903808594, 0.7273798034667969, 0.6607231750488282, 0.6149923583984375, 0.5882368286132813, 0.5582557067871093, 0.5414769287109376, 0.5218197387695312, 0.5074328033447265, 0.4959979309082031]","[0.7162, 0.7367, 0.7631, 0.7813, 0.7898, 0.8009, 0.8027, 0.8125, 0.8179, 0.8204]"
SGD,0.001,0.3,0.0,layernorm,128,10,0.8747857379506646,0.6102343872070313,0.7748,0.7748,9,"[2.075863040840702, 1.5797567636981955, 1.355308631081571, 1.2082759547335253, 1.104099556454209, 1.0413520464510806, 0.9856353397054205, 0.9457595805877815, 0.9054051990956385, 0.8747857379506646]","[1.4516863159179687, 1.0846625854492187, 0.9008677978515625, 0.7970883544921875, 0.742879345703125, 0.7062495849609375, 0.6735011413574219, 0.6475325561523437, 0.6228587890625, 0.6102343872070313]","[0.5806, 0.677, 0.7156, 0.7351, 0.7466, 0.7533, 0.759, 0.762, 0.7685, 0.7748]"
SGD,0.001,0.3,0.0,layernorm,256,10,1.051102143145622,0.6931764953613281,0.7731,0.7731,9,"[2.1825036053961897, 1.7675637610415196, 1.5740560577270832, 1.4397622412823616, 1.3363421790143277, 1.2566327967542283, 1.190918942968896, 1.1398508470109168, 1.0892330443605465, 1.051102143145622]","[1.6289505981445314, 1.34054912109375, 1.150537841796875, 1.006262322998047, 0.9167576721191406, 0.8563005737304688, 0.7979855773925781, 0.7584966125488282, 0.71781455078125, 0.6931764953613281]","[0.5303, 0.6222, 0.6839, 0.7122, 0.7342, 0.7447, 0.7536, 0.7622, 0.7687, 0.7731]"
SGD,0.001,0.3,0.0001,None,64,10,0.7748836461287826,0.5734259399414062,0.7839,0.7839,9,"[1.8928199437127184, 1.385321955945192, 1.1658601261405295, 1.0378333292027782, 0.9624435547064109, 0.9051948637723415, 0.866627311274441, 0.8327439125539906, 0.8044671791194599, 0.7748836461287826]","[1.2578384033203125, 0.9350841430664063, 0.8021790405273438, 0.7364635925292968, 0.6834043273925782, 0.6498290283203125, 0.6271979125976562, 0.6065213012695313, 0.5869226318359375, 0.5734259399414062]","[0.6412, 0.7091, 0.7248, 0.7382, 0.7545, 0.7608, 0.7683, 0.7736, 0.7818, 0.7839]"
SGD,0.001,0.3,0.0001,None,128,10,0.9236096554219342,0.6668857604980468,0.759,0.759,9,"[2.122197051038112, 1.772493272447891, 1.4892950210489952, 1.3088382879045726, 1.1885239666204717, 1.103277351683391, 1.042194147226907, 0.989602627657624, 0.9574581491413401, 0.9236096554219342]","[1.7852216796875, 1.32902265625, 1.0495337829589844, 0.9078719909667968, 0.8278186279296875, 0.7669751892089843, 0.7282464965820312, 0.7031492309570313, 0.6820900573730468, 0.6668857604980468]","[0.5584, 0.6663, 0.6976, 0.7177, 0.728, 0.7375, 0.744, 0.7504, 0.7555, 0.759]"
SGD,0.001,0.3,0.0001,None,256,10,1.1786124097540023,0.8381905883789063,0.7225,0.7225,9,"[2.254665870869413, 2.0267893491907323, 1.805224854895409, 1.6423235304812167, 1.508716404184382, 1.4181126848180243, 1.342142439903097, 1.2803353182812955, 1.219966944735101, 1.1786124097540023]","[2.0639356201171877, 1.7357227661132812, 1.437864599609375, 1.25179013671875, 1.1229301513671874, 1.033964697265625, 0.9681845886230469, 0.914202490234375, 0.8717625366210937, 0.8381905883789063]","[0.4099, 0.5899, 0.6145, 0.648, 0.6678, 0.6843, 0.6981, 0.7042, 0.7162, 0.7225]"
SGD,0.001,0.3,0.0001,batchnorm,64,10,0.6943431945243624,0.4949834106445313,0.8222,0.8222,9,"[1.6037432956797228, 1.145011214178, 0.9966074835135739, 0.9101809878339137, 0.8502090476087923, 0.8049782404958058, 0.7729637784871466, 0.7415858296506694, 0.7154840704665255, 0.6943431945243624]","[0.8860877563476562, 0.7239292785644531, 0.651750390625, 0.6099483215332031, 0.5817723815917969, 0.5551694519042969, 0.5347337432861328, 0.5210000122070313, 0.5078071960449219, 0.4949834106445313]","[0.729, 0.7568, 0.7766, 0.7859, 0.7921, 0.8023, 0.807, 0.8115, 0.8151, 0.8222]"
SGD,0.001,0.3,0.0001,batchnorm,128,10,0.8108079725745391,0.5572304138183594,0.7981,0.7981,9,"[1.9358261061121407, 1.3744435605209773, 1.1873191540429333, 1.0832428657678144, 1.0025058850042348, 0.9460252658136363, 0.8986542801867162, 0.8648659424232775, 0.8353894823141443, 0.8108079725745391]","[1.1017277221679687, 0.8741023071289062, 0.7705133117675781, 0.7081693725585938, 0.6636364624023438, 0.6350551696777343, 0.6090020080566406, 0.587147265625, 0.5702091979980469, 0.5572304138183594]","[0.6968, 0.7249, 0.7523, 0.7601, 0.772, 0.7737, 0.7836, 0.7894, 0.7965, 0.7981]"
SGD,0.001,0.3,0.0001,batchnorm,256,10,0.9697330939008835,0.630116259765625,0.7848,0.7848,9,"[2.1667995899281602, 1.5926623339348651, 1.4015415409778027, 1.2743147484799648, 1.187516625384067, 1.1256144581957066, 1.070584296926539, 1.0304845556299738, 0.9983561044043683, 0.9697330939008835]","[1.3094074951171875, 1.0804265625, 0.9328219604492187, 0.8356210021972656, 0.7725516540527344, 0.7288375671386719, 0.69197587890625, 0.6657625915527344, 0.648232763671875, 0.630116259765625]","[0.6576, 0.7077, 0.7329, 0.7488, 0.7602, 0.7679, 0.7728, 0.7773, 0.783, 0.7848]"
SGD,0.001,0.3,0.0001,layernorm,64,10,0.6814395938156002,0.4794856994628906,0.8267,0.8267,9,"[1.7374479527920803, 1.2129453529935401, 1.015425980408817, 0.9054388328274684, 0.8434014481776304, 0.7901737390677812, 0.7533846683403068, 0.7246140858956746, 0.7046581990619712, 0.6814395938156002]","[0.9606610229492187, 0.7388613342285156, 0.64175107421875, 0.5893756286621094, 0.556519775390625, 0.5393612976074219, 0.5216554595947266, 0.5031457214355469, 0.4913734161376953, 0.4794856994628906]","[0.7227, 0.7593, 0.7749, 0.7854, 0.7975, 0.8021, 0.8098, 0.8159, 0.8202, 0.8267]"
SGD,0.001,0.3,0.0001,layernorm,128,10,0.8431229360068022,0.5691718322753906,0.7959,0.7959,9,"[2.027131413345906, 1.4854326326963998, 1.2689838958447421, 1.1422313167088067, 1.0559429528870816, 0.9923382913634213, 0.9432083246296149, 0.8996996668610238, 0.8720164814991738, 0.8431229360068022]","[1.32444365234375, 0.979908251953125, 0.8326709228515625, 0.7518930969238281, 0.7051159301757812, 0.6548956237792969, 0.6306472473144531, 0.6045311401367187, 0.5851668212890625, 0.5691718322753906]","[0.6461, 0.7277, 0.741, 0.7523, 0.7632, 0.7741, 0.7802, 0.7873, 0.7912, 0.7959]"
SGD,0.001,0.3,0.0001,layernorm,256,10,1.0727348010590736,0.7087074462890625,0.7564,0.7564,9,"[2.3188928132361553, 1.9011656127077468, 1.6788918753887745, 1.5107878061051065, 1.396443691659481, 1.295832634986715, 1.2261050244595142, 1.1699589077462542, 1.117244617736086, 1.0727348010590736]","[1.8473864624023437, 1.4724533569335938, 1.2057756958007813, 1.0433744506835938, 0.9400189819335938, 0.8748820495605468, 0.8107736999511719, 0.7704966552734375, 0.7344459899902344, 0.7087074462890625]","[0.5, 0.6056, 0.6649, 0.6983, 0.7179, 0.7298, 0.7386, 0.7442, 0.7513, 0.7564]"
Adam,0.01,0.0,0.0,None,64,10,0.5259073601602745,0.4315809326171875,0.8404,0.8458,7,"[0.7696591955321684, 0.6074670438827482, 0.5719373487650967, 0.5648047785991545, 0.5491832065016731, 0.5388713685243622, 0.5388706048795664, 0.5310416543471025, 0.5248759451673738, 0.5259073601602745]","[0.49197044677734375, 0.4640176818847656, 0.4650372680664063, 0.4320819610595703, 0.46881366577148437, 0.49063771362304687, 0.4528151824951172, 0.4469897705078125, 0.45871217651367185, 0.4315809326171875]","[0.8226, 0.8267, 0.8335, 0.8418, 0.8259, 0.8292, 0.8309, 0.8458, 0.8372, 0.8404]"
Adam,0.01,0.0,0.0,None,128,10,0.4710163104254554,0.4051829132080078,0.8515,0.8573,6,"[0.7687713616311169, 0.5658759635521659, 0.5334322179304257, 0.5024495581065668, 0.4933338413106353, 0.48379493808187146, 0.47805571168470484, 0.4756113595164407, 0.47239400977010665, 0.4710163104254554]","[0.472194677734375, 0.44794249267578123, 0.4145217468261719, 0.39691619567871095, 0.3884844177246094, 0.4211124237060547, 0.3886320678710937, 0.3946202941894531, 0.4198920440673828, 0.4051829132080078]","[0.8208, 0.8338, 0.8471, 0.8499, 0.8557, 0.8422, 0.8573, 0.8565, 0.8401, 0.8515]"
Adam,0.01,0.0,0.0,None,256,10,0.4144816366916007,0.3459982025146484,0.8689,0.8709,8,"[0.7367365849779007, 0.5267748357133663, 0.48261328643940865, 0.46497452588791544, 0.44726592226231354, 0.4338577519071863, 0.43170572582711564, 0.42067148266954624, 0.42219819921128293, 0.4144816366916007]","[0.45076059875488284, 0.38885074462890623, 0.39766134643554685, 0.35720267028808594, 0.3578599151611328, 0.36092658996582033, 0.3590122955322266, 0.34668051452636717, 0.3584322204589844, 0.3459982025146484]","[0.828, 0.8574, 0.8528, 0.8704, 0.8679, 0.862, 0.8663, 0.8686, 0.8709, 0.8689]"
Adam,0.01,0.0,0.0,batchnorm,64,10,0.4328968630098839,0.34078872680664063,0.8813,0.8813,9,"[0.781770500419999, 0.5701436664122762, 0.5221174252567007, 0.5016327670006864, 0.4771089301085167, 0.4629491266411251, 0.44763440133602633, 0.4413775559713337, 0.4356924981704907, 0.4328968630098839]","[0.44970701293945314, 0.4131634094238281, 0.3820320831298828, 0.40264456787109376, 0.36047780151367187, 0.36540070190429685, 0.3353063934326172, 0.3679329833984375, 0.3511687896728516, 0.34078872680664063]","[0.8376, 0.8476, 0.8639, 0.8542, 0.8663, 0.8705, 0.877, 0.8709, 0.8764, 0.8813]"
Adam,0.01,0.0,0.0,batchnorm,128,10,0.40827791078258424,0.34447622985839843,0.8834,0.8834,9,"[0.931373499095567, 0.7030123273319782, 0.6142289574339446, 0.5519683883388413, 0.5075441913436979, 0.47647613744491707, 0.45449186445299244, 0.43541617996529985, 0.4259465353638887, 0.40827791078258424]","[0.50779697265625, 0.4306076171875, 0.38953194580078127, 0.3889718536376953, 0.3568303924560547, 0.3505916717529297, 0.3616135040283203, 0.3818941375732422, 0.3503488494873047, 0.34447622985839843]","[0.8146, 0.8464, 0.8606, 0.8569, 0.8711, 0.8719, 0.8735, 0.8689, 0.8789, 0.8834]"
Adam,0.01,0.0,0.0,batchnorm,256,10,0.42504920807290586,0.3336925888061523,0.8827,0.8849,8,"[0.9093252846535216, 0.6383641415453972, 0.5693430979201134, 0.5293349680748392, 0.5039371726360727, 0.4881970553956133, 0.4717077616681444, 0.46280398457608324, 0.4428863705472743, 0.42504920807290586]","[0.47604805908203124, 0.4193443206787109, 0.38442301025390624, 0.36188180847167967, 0.3535951690673828, 0.3699312561035156, 0.34089973754882813, 0.3445771759033203, 0.3391091644287109, 0.3336925888061523]","[0.8286, 0.8464, 0.8621, 0.8702, 0.8738, 0.8707, 0.8791, 0.8781, 0.8849, 0.8827]"
Adam,0.01,0.0,0.0,layernorm,64,10,0.4262991364894391,0.3607745544433594,0.8752,0.8752,9,"[1.8229901612694583, 1.2352588415018786, 0.8022293712792874, 0.599614962840131, 0.5341440725650615, 0.5028188896299933, 0.48419373186984294, 0.46355995241957687, 0.4450027444787117, 0.4262991364894391]","[1.06033623046875, 0.6896383544921875, 0.4960978302001953, 0.4267913055419922, 0.4112493896484375, 0.42395894775390625, 0.37474949951171876, 0.37977100830078125, 0.3765478698730469, 0.3607745544433594]","[0.5434, 0.7306, 0.8221, 0.8451, 0.8517, 0.8473, 0.8657, 0.8662, 0.8723, 0.8752]"
Adam,0.01,0.0,0.0,layernorm,128,10,0.4346529021700308,0.3790672393798828,0.8742,0.8742,9,"[1.5135598126759153, 1.1430147409693265, 1.079156605927929, 1.0267302339265088, 0.8150012468986674, 0.6316177374137236, 0.5280634809785815, 0.4789282311000295, 0.44887483005584683, 0.4346529021700308]","[0.7719752807617187, 0.6770825012207031, 0.6287127807617188, 0.5856106140136719, 0.5344313842773437, 0.44993630065917967, 0.4153875610351562, 0.40799444885253905, 0.3721031463623047, 0.3790672393798828]","[0.7538, 0.7388, 0.796, 0.7965, 0.8136, 0.8504, 0.8647, 0.8685, 0.868, 0.8742]"
Adam,0.01,0.0,0.0,layernorm,256,10,0.7178527059707236,0.4812744445800781,0.8363,0.8363,9,"[2.0874510161420132, 1.7359352761126579, 1.3922602896994734, 1.0755089133343798, 1.000707508148031, 0.964835199396661, 0.9486251402408519, 0.8797720302926734, 0.7899455757851296, 0.7178527059707236]","[1.5909531127929688, 1.4201873779296874, 0.8906905639648437, 0.6770503112792968, 0.6865959777832031, 0.6383932067871094, 0.6348033203125, 0.5856865478515625, 0.5393081237792968, 0.4812744445800781]","[0.3787, 0.4593, 0.704, 0.7562, 0.7538, 0.7776, 0.7787, 0.8095, 0.8347, 0.8363]"
Adam,0.01,0.0,0.0001,None,64,10,0.5099572735999439,0.4268460113525391,0.8468,0.8468,9,"[0.7551245339580183, 0.6146056050939093, 0.573445859526012, 0.5544997176953724, 0.5467675919217596, 0.5416721275556825, 0.526788682825784, 0.5182077480531705, 0.5167001919832819, 0.5099572735999439]","[0.5581935424804687, 0.46099642333984375, 0.4680248504638672, 0.5028288635253906, 0.44780164489746094, 0.45142069396972656, 0.4364420196533203, 0.4394716125488281, 0.44399053344726563, 0.4268460113525391]","[0.7931, 0.8317, 0.8321, 0.8242, 0.8403, 0.8407, 0.8405, 0.8408, 0.835, 0.8468]"
Adam,0.01,0.0,0.0001,None,128,10,0.46541465053172,0.4227319122314453,0.8372,0.8576,8,"[0.7480608703993531, 0.5733191802430508, 0.5413498515005051, 0.5160455821292487, 0.5094989735815825, 0.49776998340193906, 0.4894624748972179, 0.48183127468837095, 0.4712570223218597, 0.46541465053172]","[0.49153554077148437, 0.45513116455078123, 0.4137928741455078, 0.42972955627441406, 0.4154225372314453, 0.4147310089111328, 0.4038327117919922, 0.39603349914550784, 0.38767938537597657, 0.4227319122314453]","[0.82, 0.8325, 0.8478, 0.833, 0.8435, 0.8448, 0.8469, 0.8536, 0.8576, 0.8372]"
Adam,0.01,0.0,0.0001,None,256,10,0.4103250063480215,0.3779314361572266,0.8633,0.8713,8,"[0.7585648905723653, 0.5481988275304753, 0.49574762354505825, 0.46703534963283133, 0.44436966675393125, 0.4308749148186217, 0.4295728933303914, 0.4146741732637933, 0.4137544352957543, 0.4103250063480215]","[0.4764353607177734, 0.4022255889892578, 0.3782250030517578, 0.38210886840820313, 0.37690713500976564, 0.38132384033203126, 0.3577752716064453, 0.3580457000732422, 0.3525778747558594, 0.3779314361572266]","[0.8294, 0.8544, 0.8591, 0.8608, 0.8592, 0.8653, 0.8711, 0.8692, 0.8713, 0.8633]"
Adam,0.01,0.0,0.0001,batchnorm,64,10,0.41681673018726456,0.3543262176513672,0.8736,0.8767,7,"[0.9352779917117121, 0.7150745948494625, 0.6181619792922474, 0.5375593461112173, 0.5009256615154525, 0.4670284553123181, 0.45303136879192996, 0.4362794383566008, 0.4230627886998628, 0.41681673018726456]","[0.49597579650878904, 0.4287947387695312, 0.40005298156738284, 0.3977259765625, 0.37059777221679685, 0.36657637634277346, 0.37815653076171873, 0.35032884826660154, 0.3662532196044922, 0.3543262176513672]","[0.8224, 0.8449, 0.8604, 0.8565, 0.8624, 0.8708, 0.8658, 0.8767, 0.8666, 0.8736]"
Adam,0.01,0.0,0.0001,batchnorm,128,10,0.42269833605172535,0.3364309173583984,0.8825,0.8825,9,"[0.9507136090732078, 0.7281445661333324, 0.6454299805896369, 0.5834371659166014, 0.5319253208794827, 0.5036182255506008, 0.4876012297581508, 0.46760038043390206, 0.4467697557228715, 0.42269833605172535]","[0.5367884521484375, 0.46211725463867187, 0.4280835357666016, 0.39709198303222654, 0.37220223083496096, 0.3695676391601562, 0.3542150787353516, 0.3570520782470703, 0.35272552795410156, 0.3364309173583984]","[0.8003, 0.8402, 0.8382, 0.8536, 0.8689, 0.8694, 0.8746, 0.8763, 0.8747, 0.8825]"
Adam,0.01,0.0,0.0001,batchnorm,256,10,0.4662592568296067,0.35773868713378904,0.8778,0.8831,7,"[0.9541133284568787, 0.6958683701271706, 0.6210645618590903, 0.5842467843218052, 0.5459970724075398, 0.530234273824286, 0.5074215845858797, 0.4954859767822509, 0.48237501027736257, 0.4662592568296067]","[0.5101028503417969, 0.43966600036621095, 0.3931510894775391, 0.3854541778564453, 0.37192513427734375, 0.35471222229003907, 0.3440874053955078, 0.3330862609863281, 0.36850681762695314, 0.35773868713378904]","[0.8057, 0.8449, 0.857, 0.8661, 0.8655, 0.8712, 0.8753, 0.8831, 0.8747, 0.8778]"
Adam,0.01,0.0,0.0001,layernorm,64,10,0.405335775634119,0.366892578125,0.8636,0.8741,7,"[1.393568435203292, 0.7165552612179632, 0.550371630804371, 0.4969173409283034, 0.4583713192738958, 0.4393689659739862, 0.4274410647052183, 0.41396630441011395, 0.41068437611306907, 0.405335775634119]","[0.6182223022460938, 0.4674123840332031, 0.43166534118652344, 0.43089634704589846, 0.41667354125976563, 0.37540655822753904, 0.3680745819091797, 0.35936661682128906, 0.36077897644042967, 0.366892578125]","[0.7837, 0.8289, 0.8441, 0.8425, 0.8525, 0.8624, 0.869, 0.8741, 0.8709, 0.8636]"
Adam,0.01,0.0,0.0001,layernorm,128,10,0.3763755331479156,0.32611351623535156,0.8832,0.8832,9,"[1.1074497356597803, 0.8038926543965776, 0.6817795268889429, 0.585423459312809, 0.4998791362049737, 0.45270816095348104, 0.4206774031747379, 0.3998685584330101, 0.3824282618982197, 0.3763755331479156]","[0.5815699890136719, 0.48531106872558594, 0.4849426483154297, 0.3980101318359375, 0.39042823486328126, 0.36773326110839843, 0.3581127746582031, 0.3396154327392578, 0.3369985900878906, 0.32611351623535156]","[0.756, 0.8216, 0.8176, 0.8575, 0.8576, 0.863, 0.8718, 0.8757, 0.8769, 0.8832]"
Adam,0.01,0.0,0.0001,layernorm,256,10,0.40078839114371767,0.33428397216796873,0.8848,0.8848,9,"[0.9531023707795651, 0.6970370751746158, 0.6081269024534428, 0.5567078387483637, 0.5296271780703931, 0.49484396767108996, 0.4650109387458639, 0.4517231455508699, 0.423129036832363, 0.40078839114371767]","[0.525891845703125, 0.4372693115234375, 0.39813693237304687, 0.3902294708251953, 0.38504779663085936, 0.36574286193847655, 0.37860954895019533, 0.3700947204589844, 0.33901330261230467, 0.33428397216796873]","[0.7939, 0.8433, 0.8601, 0.8628, 0.8689, 0.8714, 0.8696, 0.8696, 0.8794, 0.8848]"
Adam,0.01,0.3,0.0,None,64,10,0.6132919298433291,0.5014334930419921,0.8204,0.835,6,"[0.8165220865435692, 0.6711863045499269, 0.6563171477142428, 0.6439986854855185, 0.6145476602605665, 0.6167303969992249, 0.6173336825200489, 0.6069829132574708, 0.610528379964676, 0.6132919298433291]","[0.5280152313232422, 0.5005074737548828, 0.5306642333984375, 0.4653738830566406, 0.4645033020019531, 0.4782596405029297, 0.4518172210693359, 0.4744180328369141, 0.4748158843994141, 0.5014334930419921]","[0.7988, 0.8142, 0.7983, 0.8325, 0.8315, 0.8185, 0.835, 0.8269, 0.8229, 0.8204]"
Adam,0.01,0.3,0.0,None,128,10,0.5369848552416129,0.43202184448242187,0.8448,0.8508,7,"[0.799014709778686, 0.6214143161707596, 0.5863164503182938, 0.5758787068222632, 0.5616488488498272, 0.5572306084861633, 0.5562282617666574, 0.5474777612477731, 0.5453249713632343, 0.5369848552416129]","[0.5205233947753907, 0.4592504180908203, 0.44093115234375, 0.4379311676025391, 0.4192802001953125, 0.4233614227294922, 0.4308849365234375, 0.415413134765625, 0.42588143005371093, 0.43202184448242187]","[0.8234, 0.8309, 0.8295, 0.8409, 0.8472, 0.8402, 0.8433, 0.8508, 0.8408, 0.8448]"
Adam,0.01,0.3,0.0,None,256,10,0.4736571563051102,0.37209388732910154,0.8577,0.8577,9,"[0.8145531027875048, 0.5955040662846667, 0.5503903881032416, 0.5271315815600943, 0.5126899011591648, 0.49445884950617525, 0.4909875528609499, 0.48804858517139516, 0.4747492663403775, 0.4736571563051102]","[0.5024185913085938, 0.44499884948730467, 0.4150516357421875, 0.40240386352539065, 0.38842278747558595, 0.3859271911621094, 0.38712642517089846, 0.3871071594238281, 0.3854098388671875, 0.37209388732910154]","[0.7975, 0.8345, 0.8454, 0.8495, 0.8525, 0.8549, 0.8524, 0.8523, 0.8541, 0.8577]"
Adam,0.01,0.3,0.0,batchnorm,64,10,0.48351277379211843,0.3652376037597656,0.8673,0.8713,8,"[1.0051524299167112, 0.7009237062638757, 0.6179761137090513, 0.5722929426093599, 0.5482948800838833, 0.5305507210716764, 0.5102980350539374, 0.5045775422600033, 0.49187301810997636, 0.48351277379211843]","[0.5300838806152344, 0.47891412658691407, 0.4281177795410156, 0.4063924621582031, 0.39031824340820315, 0.37834363403320315, 0.3727953338623047, 0.38142860412597657, 0.3494209136962891, 0.3652376037597656]","[0.7917, 0.824, 0.8491, 0.8551, 0.862, 0.8662, 0.8636, 0.8626, 0.8713, 0.8673]"
Adam,0.01,0.3,0.0,batchnorm,128,10,0.4427510143787876,0.3407334655761719,0.8794,0.88,8,"[0.9148277936459605, 0.6660192439169772, 0.5925278742430307, 0.5434043966630883, 0.5138434819194045, 0.49828303762590453, 0.4767393894922505, 0.46696310676237157, 0.4560728422614303, 0.4427510143787876]","[0.5295931884765624, 0.4583745178222656, 0.43353475341796877, 0.378464599609375, 0.36488804626464844, 0.35480750122070315, 0.34958902282714843, 0.35686497497558595, 0.3402275115966797, 0.3407334655761719]","[0.7829, 0.8278, 0.8406, 0.8602, 0.8676, 0.8706, 0.8761, 0.8732, 0.88, 0.8794]"
Adam,0.01,0.3,0.0,batchnorm,256,10,0.45355497104056336,0.33749017333984377,0.8786,0.8786,9,"[0.9769624646673811, 0.6878407701532891, 0.6079451638333341, 0.5651883813929051, 0.5397392937477599, 0.513398021332761, 0.49055494133462296, 0.47601435438115547, 0.46050251392607994, 0.45355497104056336]","[0.508167236328125, 0.46083822631835936, 0.39002144775390624, 0.3787187133789062, 0.36383463134765626, 0.355269384765625, 0.3518781982421875, 0.3382139068603516, 0.3417103881835937, 0.33749017333984377]","[0.8094, 0.8279, 0.8581, 0.8624, 0.8702, 0.8719, 0.8753, 0.8717, 0.8747, 0.8786]"
Adam,0.01,0.3,0.0,layernorm,64,10,0.44805815873115556,0.3480046691894531,0.8721,0.8721,9,"[1.0575647044664762, 0.7280248573530458, 0.6366357345507343, 0.5577735174566444, 0.5228647717725493, 0.5015386256581938, 0.48112131706051736, 0.46986749997016974, 0.4578918812435065, 0.44805815873115556]","[0.5640911315917969, 0.4683199676513672, 0.4220718353271484, 0.41335489501953127, 0.38039692993164065, 0.37255057067871095, 0.38018765563964846, 0.3645799133300781, 0.37642352600097656, 0.3480046691894531]","[0.7813, 0.8359, 0.8501, 0.8519, 0.8599, 0.8649, 0.864, 0.868, 0.858, 0.8721]"
Adam,0.01,0.3,0.0,layernorm,128,10,0.4763612792944349,0.3503803436279297,0.8807,0.8807,9,"[1.3391628267922635, 0.8796471944495813, 0.7722923773438183, 0.6827392616251639, 0.6154485540603524, 0.5734759729299972, 0.545295342580596, 0.5241447533371606, 0.5006354461982052, 0.4763612792944349]","[0.6398944030761718, 0.5032981384277344, 0.49120062255859376, 0.44652043762207033, 0.4321633544921875, 0.3900706390380859, 0.38056904907226563, 0.3722862152099609, 0.38193652038574216, 0.3503803436279297]","[0.7704, 0.8051, 0.8045, 0.8358, 0.8519, 0.863, 0.86, 0.8716, 0.863, 0.8807]"
Adam,0.01,0.3,0.0,layernorm,256,10,0.5039849193806344,0.3666700866699219,0.8687,0.8687,9,"[1.151200198366287, 0.7621383192691397, 0.672919108258917, 0.6336072586952372, 0.6105202413619832, 0.5873800634069646, 0.5642187085557491, 0.5385830354183279, 0.5223068977924104, 0.5039849193806344]","[0.596343701171875, 0.49756512451171875, 0.43449384765625, 0.4195936309814453, 0.40993677978515625, 0.38443765258789064, 0.38207469177246095, 0.37916590881347656, 0.37177041015625, 0.3666700866699219]","[0.7702, 0.8155, 0.8419, 0.8483, 0.8483, 0.8628, 0.8649, 0.8666, 0.8669, 0.8687]"
Adam,0.01,0.3,0.0001,None,64,10,0.5563472479359427,0.4303603698730469,0.8334,0.8478,8,"[0.7869238723506297, 0.6355012114495356, 0.6134843709372254, 0.5989263574324691, 0.5935045507099075, 0.5774156794047305, 0.5755283626983924, 0.5657777892056305, 0.5636422705612203, 0.5563472479359427]","[0.5041514831542969, 0.49181215515136717, 0.47714294128417967, 0.4562316162109375, 0.43911458129882813, 0.4329396270751953, 0.425254833984375, 0.4182859558105469, 0.4158938415527344, 0.4303603698730469]","[0.8149, 0.8148, 0.8192, 0.8207, 0.8301, 0.8383, 0.843, 0.8427, 0.8478, 0.8334]"
Adam,0.01,0.3,0.0001,None,128,10,0.5442251696515439,0.4246965911865234,0.8452,0.8497,6,"[0.8349943588029093, 0.6505929952237144, 0.6129978592716047, 0.5848290236519852, 0.5720536588732876, 0.558960482509914, 0.5489128662833272, 0.5460369868446261, 0.5503830990430388, 0.5442251696515439]","[0.5311997741699219, 0.47103873291015624, 0.4684748992919922, 0.42642787475585936, 0.44497902221679686, 0.41689335327148436, 0.4044788848876953, 0.42357869262695313, 0.4345825897216797, 0.4246965911865234]","[0.7864, 0.8228, 0.8248, 0.8399, 0.8283, 0.8416, 0.8497, 0.8421, 0.841, 0.8452]"
Adam,0.01,0.3,0.0001,None,256,10,0.5141333165320944,0.39185706787109376,0.8485,0.8555,8,"[0.8454564642398915, 0.6112794300343128, 0.5748136020721273, 0.5501732733655483, 0.5354845790152855, 0.529044262145428, 0.522457932664993, 0.52022047727666, 0.5139001061307623, 0.5141333165320944]","[0.49649644470214843, 0.46377415771484376, 0.418035302734375, 0.40785540771484374, 0.406563330078125, 0.40243572387695314, 0.40046761779785156, 0.3910053436279297, 0.3883632415771484, 0.39185706787109376]","[0.8149, 0.8329, 0.8445, 0.8448, 0.8467, 0.8546, 0.8489, 0.8508, 0.8555, 0.8485]"
Adam,0.01,0.3,0.0001,batchnorm,64,10,0.4771185368617206,0.35238748779296875,0.8727,0.8727,9,"[0.9178936234288124, 0.6837095329438699, 0.6072171836265369, 0.5587251897750378, 0.5323114518735454, 0.5106699869894524, 0.501092753335357, 0.4898104849559412, 0.4789278757915314, 0.4771185368617206]","[0.5158213073730469, 0.43263293762207033, 0.41112592163085937, 0.41247605590820313, 0.38405660095214844, 0.38247453308105467, 0.39386181030273437, 0.37706895446777344, 0.3798797668457031, 0.35238748779296875]","[0.8157, 0.8455, 0.8539, 0.846, 0.8576, 0.8652, 0.8541, 0.8628, 0.8602, 0.8727]"
Adam,0.01,0.3,0.0001,batchnorm,128,10,0.4578463361779256,0.3524840118408203,0.8706,0.8764,8,"[0.8752503110401666, 0.6460336597362307, 0.5713045086179461, 0.5351720258498243, 0.5062052347004287, 0.4887347877152693, 0.48083607804800654, 0.4691203268352094, 0.46101198470922927, 0.4578463361779256]","[0.5205429473876954, 0.42551180419921875, 0.40053179016113283, 0.3804434112548828, 0.3760917755126953, 0.35644616394042966, 0.3639125305175781, 0.36236773681640627, 0.33992982788085935, 0.3524840118408203]","[0.7907, 0.8497, 0.8539, 0.8615, 0.8638, 0.8692, 0.8682, 0.867, 0.8764, 0.8706]"
Adam,0.01,0.3,0.0001,batchnorm,256,10,0.48936469478810085,0.34546272583007814,0.874,0.874,9,"[1.085929028784975, 0.8271307067668184, 0.7572884098012397, 0.7019109408906166, 0.6434305645049887, 0.5981351983039938, 0.5682493714576072, 0.5410462057336848, 0.5121155806044315, 0.48936469478810085]","[0.5686296752929687, 0.49221927185058595, 0.45927023620605467, 0.42938819580078125, 0.4054767059326172, 0.38941432189941405, 0.39311126403808594, 0.36579721984863284, 0.3693419250488281, 0.34546272583007814]","[0.7842, 0.8227, 0.8409, 0.8441, 0.8558, 0.8529, 0.8537, 0.8705, 0.8673, 0.874]"
Adam,0.01,0.3,0.0001,layernorm,64,10,0.46324593955075055,0.3554350646972656,0.8735,0.8735,9,"[1.1866402000125282, 0.7358858315611699, 0.5947554638263768, 0.5575139206736835, 0.5303336285642469, 0.5128140636821037, 0.4902750651147574, 0.4821590877958198, 0.47438165682084016, 0.46324593955075055]","[0.5959486572265625, 0.46982376708984375, 0.4253840087890625, 0.41371761474609375, 0.3986840606689453, 0.3847642578125, 0.38133426818847654, 0.3795799987792969, 0.3882319061279297, 0.3554350646972656]","[0.7634, 0.8303, 0.8471, 0.851, 0.8562, 0.8603, 0.8589, 0.8627, 0.8635, 0.8735]"
Adam,0.01,0.3,0.0001,layernorm,128,10,0.4413076059650511,0.36073485107421877,0.8647,0.8776,8,"[1.1939062744315498, 0.7877140524290772, 0.6403940966896919, 0.5687547681936577, 0.5278013540483487, 0.5010582462175569, 0.48250901374989735, 0.4653583254768396, 0.45598435154093353, 0.4413076059650511]","[0.6109321472167969, 0.48310079650878907, 0.44180643310546874, 0.4248852752685547, 0.40617835998535157, 0.3797471649169922, 0.37037957458496096, 0.36952057495117185, 0.35447069091796873, 0.36073485107421877]","[0.7625, 0.8202, 0.8378, 0.8442, 0.8575, 0.8685, 0.8651, 0.8645, 0.8776, 0.8647]"
Adam,0.01,0.3,0.0001,layernorm,256,10,0.43208166994947067,0.36938211364746093,0.8627,0.8707,7,"[1.2297099105855251, 0.8199221025121973, 0.6872828355494965, 0.60088981263181, 0.5492234470996451, 0.5230494196110583, 0.48800327651044156, 0.4621621097656006, 0.44829054145102804, 0.43208166994947067]","[0.6046120178222656, 0.5003306457519531, 0.44289227294921873, 0.4169211334228516, 0.39759192199707033, 0.3910634674072266, 0.3610752197265625, 0.3648098388671875, 0.3722203308105469, 0.36938211364746093]","[0.774, 0.8045, 0.8404, 0.8528, 0.8587, 0.8601, 0.867, 0.8707, 0.8653, 0.8627]"
Adam,0.001,0.0,0.0,None,64,10,0.33247908196056575,0.30458207550048827,0.8873,0.8873,9,"[0.7242489961355225, 0.4914500679669858, 0.4462085643461518, 0.4139939942466679, 0.39332432263314343, 0.37271920914080603, 0.36199379248469116, 0.34838239268771115, 0.3422249548677315, 0.33247908196056575]","[0.4415825866699219, 0.38370184020996095, 0.35512984313964846, 0.34627470703125, 0.3297764923095703, 0.3466317718505859, 0.319084765625, 0.32349205322265623, 0.3090430450439453, 0.30458207550048827]","[0.8396, 0.8604, 0.8692, 0.8761, 0.8778, 0.87, 0.8844, 0.8836, 0.8864, 0.8873]"
Adam,0.001,0.0,0.0,None,128,10,0.34533770652468015,0.3159396362304687,0.888,0.8886,8,"[0.8532662206112958, 0.5409846823098563, 0.47053604447511216, 0.4344175918015844, 0.41051543924981343, 0.3945337571442, 0.3784616336957224, 0.3660990223129675, 0.3536116938029271, 0.34533770652468015]","[0.4802984832763672, 0.4048501739501953, 0.37138638000488283, 0.3606698303222656, 0.35745066223144534, 0.33167616271972655, 0.33133873596191404, 0.3202161804199219, 0.31227181396484377, 0.3159396362304687]","[0.8216, 0.8506, 0.8647, 0.873, 0.8734, 0.8816, 0.8839, 0.8818, 0.8886, 0.888]"
Adam,0.001,0.0,0.0,None,256,10,0.4334947852378196,0.3634801574707031,0.8699,0.8699,9,"[1.066770746099188, 0.6738679571354643, 0.5845067605059198, 0.5436085560220353, 0.5087238887523083, 0.48733090847096544, 0.47344763190188305, 0.45353858864053764, 0.44155690670013426, 0.4334947852378196]","[0.5805242919921875, 0.4899004638671875, 0.4411586364746094, 0.42296712646484375, 0.3991845245361328, 0.3899129852294922, 0.38197247314453125, 0.36965804138183594, 0.36299412841796874, 0.3634801574707031]","[0.7785, 0.8174, 0.8367, 0.8442, 0.8518, 0.856, 0.8575, 0.8641, 0.8646, 0.8699]"
Adam,0.001,0.0,0.0,batchnorm,64,10,0.33308332313352557,0.30138456115722656,0.8919,0.8919,9,"[0.7307931569530003, 0.5002663654686291, 0.44494893729114837, 0.41636281819549453, 0.39272475797039613, 0.37690954112104263, 0.3655457867821778, 0.3510657618723826, 0.34513856109970414, 0.33308332313352557]","[0.4235244110107422, 0.3705304016113281, 0.34604563903808594, 0.3347890289306641, 0.323902783203125, 0.3250168212890625, 0.3216197113037109, 0.31185916137695313, 0.30871768493652346, 0.30138456115722656]","[0.847, 0.8665, 0.8728, 0.8778, 0.8841, 0.8803, 0.8817, 0.8873, 0.8851, 0.8919]"
Adam,0.001,0.0,0.0,batchnorm,128,10,0.3440475403182288,0.3083648101806641,0.891,0.891,9,"[0.8519660043182657, 0.5375605738366337, 0.47224231404282135, 0.43562747967014437, 0.4076629539987426, 0.3927798205410748, 0.3704670627297623, 0.3625330192320891, 0.3510802787567761, 0.3440475403182288]","[0.4795082458496094, 0.40378482666015625, 0.3697920318603516, 0.3493630462646484, 0.3343021362304687, 0.3232373504638672, 0.3362974639892578, 0.30665104370117185, 0.3088331939697266, 0.3083648101806641]","[0.8199, 0.8473, 0.8641, 0.8706, 0.8805, 0.8835, 0.8774, 0.8888, 0.8881, 0.891]"
Adam,0.001,0.0,0.0,batchnorm,256,10,0.34958158636346776,0.32565704956054686,0.8829,0.8837,7,"[0.91021327744139, 0.5609209593306197, 0.4903382164366702, 0.44848343755336517, 0.42195106922311987, 0.3990081503036174, 0.3839987797940031, 0.3720735272194477, 0.36013885368692117, 0.34958158636346776]","[0.496593212890625, 0.41414739685058594, 0.3896236846923828, 0.3639144378662109, 0.351755419921875, 0.34355985412597656, 0.33689501953125, 0.32341092834472657, 0.33284644775390626, 0.32565704956054686]","[0.8201, 0.8463, 0.8569, 0.8675, 0.8713, 0.872, 0.8761, 0.8837, 0.8778, 0.8829]"
Adam,0.001,0.0,0.0,layernorm,64,10,0.30693776429747976,0.30271693115234377,0.8923,0.8966,8,"[0.779068406425051, 0.48851899287975165, 0.4247848834913931, 0.3877061727617595, 0.3695512035889412, 0.34935810165936504, 0.33574968445370956, 0.32411856667351113, 0.31078353468606723, 0.30693776429747976]","[0.42570477294921877, 0.36906298217773437, 0.3484447509765625, 0.31979720458984373, 0.316165673828125, 0.30553255920410155, 0.3068587921142578, 0.2993140197753906, 0.28980418090820315, 0.30271693115234377]","[0.8364, 0.8671, 0.8713, 0.8809, 0.886, 0.888, 0.8862, 0.8891, 0.8966, 0.8923]"
Adam,0.001,0.0,0.0,layernorm,128,10,0.31428365692146804,0.2955502960205078,0.8928,0.8928,7,"[0.8625434180185485, 0.5050935311231024, 0.43587049447905535, 0.39889804523255523, 0.3769311394010271, 0.3609162693910761, 0.3431534588908844, 0.3358362958248236, 0.3265693387560753, 0.31428365692146804]","[0.4475303436279297, 0.38901048889160156, 0.3506067138671875, 0.34231080932617186, 0.3273266510009766, 0.31838409118652344, 0.3104600311279297, 0.3037889678955078, 0.3038994445800781, 0.2955502960205078]","[0.8305, 0.8541, 0.8726, 0.8791, 0.8784, 0.8831, 0.8866, 0.8928, 0.889, 0.8928]"
Adam,0.001,0.0,0.0,layernorm,256,10,0.33900469497163244,0.3013932067871094,0.8905,0.8905,9,"[1.0399075916472902, 0.5855060214691974, 0.4905242071506825, 0.4405961559173909, 0.41167843671555215, 0.3918306145262211, 0.3713603506696985, 0.35513440985628897, 0.3431490582988617, 0.33900469497163244]","[0.5176857421875, 0.4237401153564453, 0.3655387451171875, 0.34887302551269533, 0.3355000640869141, 0.33454424743652345, 0.32224791870117186, 0.32066454467773436, 0.3087974700927734, 0.3013932067871094]","[0.8108, 0.8478, 0.8655, 0.8714, 0.8766, 0.8774, 0.8829, 0.8811, 0.8858, 0.8905]"
Adam,0.001,0.0,0.0001,None,64,10,0.32785622638934203,0.30135888061523436,0.8933,0.8933,9,"[0.7577458726825999, 0.49853541768753706, 0.4423220455964237, 0.4084627161910539, 0.38426158940995425, 0.37046743972278606, 0.35489809632237784, 0.3448783065686856, 0.33526030791276046, 0.32785622638934203]","[0.4448888732910156, 0.3808204925537109, 0.3632970428466797, 0.3605558532714844, 0.3384063262939453, 0.33782242736816404, 0.3144123504638672, 0.3054541717529297, 0.30930566711425783, 0.30135888061523436]","[0.8369, 0.8618, 0.8642, 0.8703, 0.8744, 0.876, 0.8882, 0.8901, 0.89, 0.8933]"
Adam,0.001,0.0,0.0001,None,128,10,0.33954704668857394,0.310204931640625,0.8878,0.8882,8,"[0.8264781172468718, 0.5310416353790999, 0.4698788351468694, 0.431970399071667, 0.40303171195709375, 0.3839305605588437, 0.36995114147790203, 0.361366480430052, 0.3491548827207927, 0.33954704668857394]","[0.47727166442871094, 0.41047193603515625, 0.3698748260498047, 0.3574046142578125, 0.3412481597900391, 0.32652121276855467, 0.3263193389892578, 0.3111519317626953, 0.3076872314453125, 0.310204931640625]","[0.8235, 0.8513, 0.8643, 0.8715, 0.878, 0.8809, 0.8799, 0.8879, 0.8882, 0.8878]"
Adam,0.001,0.0,0.0001,None,256,10,0.38291721470812534,0.328470703125,0.879,0.879,9,"[1.0222222787268618, 0.6293139370197945, 0.5443262606225115, 0.4997611993170799, 0.46625755695586507, 0.4417557967470047, 0.42282832252218366, 0.4065819610940649, 0.3955890860963375, 0.38291721470812534]","[0.5592952331542969, 0.4739986633300781, 0.4205413543701172, 0.39521318054199217, 0.3720352813720703, 0.35666441650390623, 0.3588664978027344, 0.34500933532714845, 0.33162268981933596, 0.328470703125]","[0.7904, 0.8258, 0.8444, 0.8535, 0.8644, 0.8689, 0.8653, 0.876, 0.8768, 0.879]"
Adam,0.001,0.0,0.0001,batchnorm,64,10,0.3304397893755802,0.2980265014648438,0.8908,0.8908,9,"[0.7059407267552703, 0.49239724842724264, 0.4361854823254573, 0.40720624400417943, 0.3881397905793271, 0.36510021925004305, 0.3550129869599332, 0.3454638605496522, 0.33554094423776243, 0.3304397893755802]","[0.41880879821777345, 0.3687639556884766, 0.3473341827392578, 0.3315396484375, 0.3259724365234375, 0.3169700714111328, 0.3195804443359375, 0.30139410400390626, 0.3069151794433594, 0.2980265014648438]","[0.849, 0.8655, 0.8734, 0.88, 0.8779, 0.8816, 0.8824, 0.8902, 0.8865, 0.8908]"
Adam,0.001,0.0,0.0001,batchnorm,128,10,0.3577171065278653,0.3220627014160156,0.8828,0.8875,8,"[0.8734745440452591, 0.5452600507848044, 0.4835145463948565, 0.4506827676092892, 0.4226252207242604, 0.40298482705789335, 0.3868926707615476, 0.37752936167249296, 0.36451883506037785, 0.3577171065278653]","[0.4563117462158203, 0.4003645599365234, 0.3720532379150391, 0.34944892578125, 0.33570703125, 0.3334723327636719, 0.33051176147460937, 0.3176188079833984, 0.32052710876464846, 0.3220627014160156]","[0.8337, 0.852, 0.863, 0.8753, 0.8771, 0.8778, 0.8788, 0.8838, 0.8875, 0.8828]"
Adam,0.001,0.0,0.0001,batchnorm,256,10,0.3491259384028455,0.3144572296142578,0.8849,0.888,8,"[0.9199428266667306, 0.5686433513113793, 0.4858935981354815, 0.44932690960295657, 0.42110368609428406, 0.3996707941623444, 0.38684951219152897, 0.37301931844112723, 0.3589670787466333, 0.3491259384028455]","[0.47964961547851565, 0.41317521667480467, 0.37998836975097655, 0.3562656921386719, 0.34295902709960935, 0.3389200225830078, 0.32904827575683593, 0.3413449310302734, 0.3111818115234375, 0.3144572296142578]","[0.8232, 0.8483, 0.8587, 0.8698, 0.8766, 0.877, 0.8804, 0.8763, 0.888, 0.8849]"
Adam,0.001,0.0,0.0001,layernorm,64,10,0.3098890148023807,0.2850070373535156,0.894,0.8948,8,"[0.7739582327065437, 0.4911127721926551, 0.4288092830351421, 0.3938846113299256, 0.3766112421144809, 0.35736715183583406, 0.33983802788261414, 0.3302782118669959, 0.3178158903331645, 0.3098890148023807]","[0.4237688690185547, 0.36619345092773437, 0.3418371337890625, 0.3198365966796875, 0.3146358367919922, 0.31627356567382814, 0.31871448364257815, 0.3017703521728516, 0.2946634765625, 0.2850070373535156]","[0.8427, 0.8637, 0.8759, 0.8807, 0.8847, 0.8834, 0.8841, 0.8885, 0.8948, 0.894]"
Adam,0.001,0.0,0.0001,layernorm,128,10,0.3145708119881941,0.29885614166259766,0.89,0.8948,8,"[0.8889329981829311, 0.527822781219157, 0.45228972618005425, 0.4133704952212539, 0.3854884152282784, 0.3653321246793275, 0.3520142061433304, 0.33737314818129105, 0.3268697413999134, 0.3145708119881941]","[0.45673018798828124, 0.38303841552734375, 0.3564183227539062, 0.3396390563964844, 0.3262349853515625, 0.3204188507080078, 0.32315598449707034, 0.31588778839111326, 0.2974370391845703, 0.29885614166259766]","[0.8276, 0.8586, 0.8675, 0.8788, 0.8828, 0.8834, 0.8865, 0.888, 0.8948, 0.89]"
Adam,0.001,0.0,0.0001,layernorm,256,10,0.3433240453613565,0.30376524963378904,0.8895,0.8895,9,"[0.982431261082913, 0.5705008112369699, 0.49677588622620766, 0.44804696668969823, 0.418629293872955, 0.3945853403274049, 0.3769673651837288, 0.36355615144080305, 0.3556655786772992, 0.3433240453613565]","[0.5010997039794922, 0.4158910125732422, 0.3738302490234375, 0.3497007629394531, 0.3404499053955078, 0.3200912109375, 0.31377815551757815, 0.3055522705078125, 0.3057088653564453, 0.30376524963378904]","[0.817, 0.843, 0.8608, 0.8688, 0.8737, 0.8831, 0.8871, 0.8887, 0.8886, 0.8895]"
Adam,0.001,0.3,0.0,None,64,10,0.38966175999595665,0.32118165283203126,0.886,0.886,9,"[0.8284320792536746, 0.5565448899004759, 0.4989795582825695, 0.463042542131852, 0.4399567555739427, 0.4235383893635227, 0.41537221775316735, 0.4006188818767889, 0.39264781704780133, 0.38966175999595665]","[0.48228743286132814, 0.41956311950683595, 0.3765550506591797, 0.36332410278320315, 0.34987234191894534, 0.3397620178222656, 0.33217691345214845, 0.3198770538330078, 0.3209461486816406, 0.32118165283203126]","[0.8168, 0.8464, 0.86, 0.8647, 0.8726, 0.8777, 0.878, 0.8825, 0.8841, 0.886]"
Adam,0.001,0.3,0.0,None,128,10,0.40071839561213307,0.32527931518554687,0.8825,0.8825,9,"[0.9460161717207447, 0.5952712307606679, 0.5258648912154281, 0.4862681491288549, 0.4620025127427156, 0.445027305881606, 0.4322906587042534, 0.4206436572870466, 0.4112985421980876, 0.40071839561213307]","[0.5062395538330078, 0.4220048889160156, 0.3943892120361328, 0.3697275634765625, 0.35965490417480467, 0.3526934051513672, 0.34659459838867185, 0.34119305114746096, 0.33261412048339845, 0.32527931518554687]","[0.8135, 0.8453, 0.856, 0.8604, 0.8701, 0.8705, 0.8752, 0.8758, 0.8814, 0.8825]"
Adam,0.001,0.3,0.0,None,256,10,0.4232986634081983,0.3304165771484375,0.8825,0.8825,9,"[1.0667337234984053, 0.6415669938351246, 0.5618293867466297, 0.5145450181149421, 0.48769991296402954, 0.468783216907623, 0.45408800358467916, 0.44308307881050923, 0.43027661341301937, 0.4232986634081983]","[0.5318990112304688, 0.459348095703125, 0.4158326385498047, 0.3960670104980469, 0.37518565673828125, 0.3584473815917969, 0.35248780517578127, 0.345261767578125, 0.33825158081054685, 0.3304165771484375]","[0.8023, 0.8285, 0.8496, 0.8567, 0.8613, 0.8697, 0.8695, 0.8725, 0.8755, 0.8825]"
Adam,0.001,0.3,0.0,batchnorm,64,10,0.3893787439729867,0.31586822814941407,0.8867,0.8867,9,"[0.9008493542925381, 0.5762961439486506, 0.511262859648733, 0.476556662096779, 0.4498032675241865, 0.4337710982351415, 0.4222132906254166, 0.41173574577834304, 0.40355807231433355, 0.3893787439729867]","[0.47410541076660156, 0.4089992462158203, 0.3730651184082031, 0.3413288543701172, 0.3430856658935547, 0.3265106414794922, 0.32390271606445314, 0.3169883148193359, 0.31669615173339843, 0.31586822814941407]","[0.8281, 0.8467, 0.8661, 0.877, 0.8754, 0.8796, 0.8804, 0.8861, 0.8831, 0.8867]"
Adam,0.001,0.3,0.0,batchnorm,128,10,0.4130824769674334,0.332514599609375,0.8797,0.8797,9,"[1.0123825260062715, 0.6293990713701065, 0.5538138989319425, 0.5116574825889775, 0.4857226730918071, 0.4650660619806887, 0.4493576602768034, 0.4333699691587928, 0.4258162808824958, 0.4130824769674334]","[0.5282204498291015, 0.4418620910644531, 0.40580349731445314, 0.3844553131103516, 0.36971065673828124, 0.3601238372802734, 0.3550303283691406, 0.3413979034423828, 0.3372742950439453, 0.332514599609375]","[0.8046, 0.8384, 0.8532, 0.8585, 0.864, 0.8682, 0.8696, 0.876, 0.8759, 0.8797]"
Adam,0.001,0.3,0.0,batchnorm,256,10,0.4329647127618181,0.34137587280273435,0.8742,0.8742,9,"[1.111519694581945, 0.7008882946156441, 0.6151590275003554, 0.5602277787441903, 0.5253647518918869, 0.4983004277056836, 0.47969669192395314, 0.4646169214806658, 0.44471067114079255, 0.4329647127618181]","[0.5751373718261719, 0.49740204162597657, 0.45249076538085936, 0.43993650817871094, 0.40008925170898435, 0.38317620849609374, 0.369050048828125, 0.35334025268554686, 0.347605908203125, 0.34137587280273435]","[0.7779, 0.8071, 0.8315, 0.8365, 0.8527, 0.8581, 0.8645, 0.8705, 0.8734, 0.8742]"
Adam,0.001,0.3,0.0,layernorm,64,10,0.3573846046858505,0.3091174865722656,0.8882,0.8885,8,"[0.8309741434194385, 0.5307859688647775, 0.4710540361940734, 0.4397426518295874, 0.4187472723821587, 0.3964592013944949, 0.38723694604597114, 0.3780502067096452, 0.368599694404902, 0.3573846046858505]","[0.4523210205078125, 0.3832637268066406, 0.3670251220703125, 0.34306759033203127, 0.33345888366699217, 0.3181551788330078, 0.3109301147460938, 0.31043453674316407, 0.3082753143310547, 0.3091174865722656]","[0.8311, 0.8577, 0.8627, 0.8751, 0.8781, 0.8825, 0.885, 0.883, 0.8885, 0.8882]"
Adam,0.001,0.3,0.0,layernorm,128,10,0.3809631219360112,0.32034613647460936,0.8823,0.8835,7,"[0.9666391311805131, 0.5899928402799025, 0.5175146853237518, 0.477526274317109, 0.4495541834627896, 0.4301987685628537, 0.4132737359449045, 0.40177336303409994, 0.3942128062438863, 0.3809631219360112]","[0.49495997619628906, 0.40878408813476563, 0.3777102813720703, 0.3570903564453125, 0.3481772125244141, 0.3403490386962891, 0.32478748779296873, 0.3217814392089844, 0.3176229858398438, 0.32034613647460936]","[0.8194, 0.8483, 0.8598, 0.8677, 0.8704, 0.8741, 0.8811, 0.8835, 0.8833, 0.8823]"
Adam,0.001,0.3,0.0,layernorm,256,10,0.3943371199546976,0.3168070373535156,0.8832,0.8832,9,"[1.2028812520047452, 0.6657934924389454, 0.5628472039040099, 0.50763621900944, 0.47279191663924686, 0.44996623739283137, 0.43126769763358097, 0.4192942878033252, 0.41089889622749165, 0.3943371199546976]","[0.5472503662109375, 0.4575634338378906, 0.40214578552246094, 0.387531787109375, 0.3644784454345703, 0.35077741394042966, 0.3414587280273437, 0.32885505676269533, 0.3284236145019531, 0.3168070373535156]","[0.7919, 0.8322, 0.8479, 0.856, 0.8679, 0.8677, 0.8734, 0.8773, 0.8803, 0.8832]"
Adam,0.001,0.3,0.0001,None,64,10,0.38125819841554676,0.3122891036987305,0.8832,0.8859,8,"[0.8117494859548011, 0.5453085160013963, 0.4888747738781514, 0.45301423946232683, 0.4356145377415838, 0.419529330120412, 0.4062910659322098, 0.397113097454312, 0.3859968458824575, 0.38125819841554676]","[0.45115487670898435, 0.3857703643798828, 0.37123631591796874, 0.34663102416992186, 0.3395429962158203, 0.32268990783691404, 0.32569366760253904, 0.31292302856445314, 0.3096681671142578, 0.3122891036987305]","[0.837, 0.8637, 0.8594, 0.8711, 0.8725, 0.8832, 0.8799, 0.8845, 0.8859, 0.8832]"
Adam,0.001,0.3,0.0001,None,128,10,0.4133680080935391,0.3301416259765625,0.8802,0.8802,9,"[0.9806996890858038, 0.6155017585134201, 0.5434687975754362, 0.5059885087806278, 0.478629971935805, 0.4640575125019179, 0.44309600358451606, 0.4325185029554977, 0.42139783438080664, 0.4133680080935391]","[0.52589140625, 0.45299519653320314, 0.4146391662597656, 0.3882930328369141, 0.37693313903808595, 0.3580381286621094, 0.35047685546875, 0.3410501007080078, 0.34391393127441405, 0.3301416259765625]","[0.8029, 0.836, 0.8477, 0.8558, 0.8649, 0.8704, 0.8749, 0.8757, 0.8753, 0.8802]"
Adam,0.001,0.3,0.0001,None,256,10,0.41663091829482546,0.33248033447265624,0.8772,0.8772,9,"[1.1059104143305027, 0.6560098371607193, 0.5638530164322955, 0.5228503203138392, 0.4906931158075941, 0.46875115607647183, 0.4524914842970828, 0.4384724948000401, 0.4281769389801837, 0.41663091829482546]","[0.5593866760253906, 0.46505030822753907, 0.42404223937988283, 0.39489017028808593, 0.38102409362792966, 0.3652877258300781, 0.35345057983398437, 0.34683997802734373, 0.3405430969238281, 0.33248033447265624]","[0.786, 0.8251, 0.8458, 0.8569, 0.8619, 0.864, 0.8703, 0.8741, 0.8742, 0.8772]"
Adam,0.001,0.3,0.0001,batchnorm,64,10,0.3857406584788233,0.3153083038330078,0.8863,0.8863,9,"[0.8899311076031565, 0.5739646419596824, 0.5014548377950054, 0.46425005161304717, 0.4458606731948822, 0.4278505400839899, 0.4130321435296713, 0.401382015934631, 0.39337271633051607, 0.3857406584788233]","[0.48309915771484374, 0.417101171875, 0.38053247985839844, 0.36068883361816406, 0.3349949920654297, 0.33435146484375, 0.3256650604248047, 0.32018352966308594, 0.3219428436279297, 0.3153083038330078]","[0.8168, 0.8445, 0.8593, 0.8643, 0.8737, 0.8761, 0.8766, 0.8814, 0.8812, 0.8863]"
Adam,0.001,0.3,0.0001,batchnorm,128,10,0.39919102770179066,0.31851739196777346,0.8827,0.8827,9,"[1.002534882028474, 0.6190565504880348, 0.5415377641664639, 0.5018045904793973, 0.4708443990648428, 0.4485790438489365, 0.43207077818638734, 0.41961393008099945, 0.406611096884396, 0.39919102770179066]","[0.5025152862548828, 0.4412534759521484, 0.3988235595703125, 0.375036767578125, 0.35926996459960936, 0.34583182678222657, 0.34605049743652344, 0.3314075744628906, 0.3293463836669922, 0.31851739196777346]","[0.8142, 0.8399, 0.856, 0.8635, 0.8665, 0.8744, 0.8722, 0.8765, 0.878, 0.8827]"
Adam,0.001,0.3,0.0001,batchnorm,256,10,0.43009223151714243,0.33556893615722655,0.8809,0.8809,9,"[1.278315348320819, 0.7158642327531856, 0.5967179965465627, 0.5431921788986693, 0.5074925212149924, 0.48559469466513777, 0.4662703422789878, 0.448977451628827, 0.43767074409951556, 0.43009223151714243]","[0.5824459716796875, 0.4674902587890625, 0.42400082397460936, 0.39205226135253907, 0.3771526580810547, 0.36238657531738283, 0.3565200103759766, 0.3490737579345703, 0.33702384033203125, 0.33556893615722655]","[0.7831, 0.8255, 0.8456, 0.862, 0.863, 0.8709, 0.8693, 0.8724, 0.877, 0.8809]"
Adam,0.001,0.3,0.0001,layernorm,64,10,0.36167579398417016,0.3060187774658203,0.8877,0.8877,9,"[0.902713175299071, 0.5568506304961024, 0.4906070388075131, 0.45177705979931837, 0.4306300835791173, 0.4114004104598753, 0.39713729841749806, 0.3814464168094877, 0.3768159703595806, 0.36167579398417016]","[0.4716946563720703, 0.4024021362304688, 0.36948197326660154, 0.3459462677001953, 0.3391452239990234, 0.3300508819580078, 0.32164747314453124, 0.31822785949707033, 0.30971793212890625, 0.3060187774658203]","[0.824, 0.849, 0.8615, 0.8678, 0.8763, 0.8783, 0.8785, 0.8822, 0.882, 0.8877]"
Adam,0.001,0.3,0.0001,layernorm,128,10,0.3645665847035105,0.3059658172607422,0.8875,0.8875,9,"[1.061053953445288, 0.5946615756447635, 0.506547843215308, 0.467394246030718, 0.43877057565936145, 0.41348861354881766, 0.4006955033616979, 0.389662253799469, 0.37843919353190264, 0.3645665847035105]","[0.5078300750732422, 0.42358845520019534, 0.3838829864501953, 0.357383447265625, 0.34060479736328125, 0.3282321319580078, 0.3175270477294922, 0.31261290588378904, 0.32191108093261717, 0.3059658172607422]","[0.8096, 0.8438, 0.8558, 0.8675, 0.8733, 0.8805, 0.8872, 0.8859, 0.8843, 0.8875]"
Adam,0.001,0.3,0.0001,layernorm,256,10,0.38640036278582635,0.3143050994873047,0.8849,0.8849,9,"[1.2403306080939922, 0.6394615831527304, 0.5420561937575644, 0.4915964281305354, 0.46337310253305636, 0.43802812885730824, 0.4215483175947311, 0.40832887291908265, 0.3974591313524449, 0.38640036278582635]","[0.5427809875488281, 0.43438292236328124, 0.39358111572265625, 0.380730712890625, 0.35306287841796874, 0.33940771789550783, 0.3300976104736328, 0.32672242736816404, 0.32573750610351565, 0.3143050994873047]","[0.7977, 0.8399, 0.8545, 0.86, 0.8712, 0.8758, 0.8788, 0.8788, 0.8821, 0.8849]"
